y_true,y_pred,residuals,abs_error,relative_error
745000,460306.4890238098,284693.5109761902,284693.5109761902,0.3821389409076379
160000,375733.1347211433,-215733.1347211433,215733.1347211433,-1.3483320920071455
184750,395650.159200004,-210900.159200004,210900.159200004,-1.141543486874176
582933,399585.9558189577,183347.0441810423,183347.0441810423,0.3145250726602239
147000,311622.40193072765,-164622.40193072765,164622.40193072765,-1.1198802852430452
392000,228932.16550958884,163067.83449041116,163067.83449041116,0.4159893737000285
375000,224548.25482574897,150451.74517425103,150451.74517425103,0.40120465379800274
466500,334804.8570369359,131695.14296306408,131695.14296306408,0.28230470088545356
235000,359168.7382830408,-124168.73828304082,124168.73828304082,-0.5283776097150673
538000,425367.30831951706,112632.69168048294,112632.69168048294,0.2093544455027564
625000,514693.81945755775,110306.18054244225,110306.18054244225,0.1764898888679076
485000,374983.4913722196,110016.50862778042,110016.50862778042,0.22683816211913488
383970,279063.83105883206,104906.16894116794,104906.16894116794,0.27321449316657015
129000,229378.46639220367,-100378.46639220367,100378.46639220367,-0.7781276464511913
315000,415356.30959273916,-100356.30959273916,100356.30959273916,-0.31859145902456876
274970,175983.19188440774,98986.80811559226,98986.80811559226,0.3599913012895671
392500,296514.7036672887,95985.2963327113,95985.2963327113,0.24454852568843644
82500,176253.3525112904,-93753.3525112904,93753.3525112904,-1.1364042728641262
424870,331665.83645533386,93204.16354466614,93204.16354466614,0.21937101594526828
394432,309496.94667767646,84935.05332232354,84935.05332232354,0.21533509786813326
180000,262880.26999999257,-82880.26999999257,82880.26999999257,-0.4604459444444032
475000,392196.7407931087,82803.25920689129,82803.25920689129,0.1743226509618764
256000,174646.60078127988,81353.39921872012,81353.39921872012,0.3177867156981255
259500,178959.26859301675,80540.73140698325,80540.73140698325,0.3103689071560048
402000,323864.0416080641,78135.95839193591,78135.95839193591,0.19436805570133311
197000,272036.4351166169,-75036.43511661689,75036.43511661689,-0.38089560972901976
440000,364993.15145304304,75006.84854695696,75006.84854695696,0.1704701103339931
501837,428381.3625789651,73455.63742103492,73455.63742103492,0.14637349860818336
122000,193815.1343249192,-71815.1343249192,71815.1343249192,-0.5886486420075344
315000,244393.25978529028,70606.74021470972,70606.74021470972,0.2241483816339991
377500,307949.22257576237,69550.77742423763,69550.77742423763,0.1842404699979805
320000,250588.85833082325,69411.14166917675,69411.14166917675,0.21690981771617734
256000,188637.85607715684,67362.14392284316,67362.14392284316,0.2631333746986061
159500,226595.13958656343,-67095.13958656343,67095.13958656343,-0.4206591823608992
423000,355973.95175747614,67026.04824252386,67026.04824252386,0.15845401475773963
279500,213051.92698010153,66448.07301989847,66448.07301989847,0.23773908057208754
372500,306078.60043293715,66421.39956706285,66421.39956706285,0.17831248205922912
335000,269792.13934947475,65207.860650525254,65207.860650525254,0.1946503303000754
319900,255220.42302005304,64679.576979946956,64679.576979946956,0.2021868614565394
359100,294515.7716492839,64584.22835071612,64584.22835071612,0.17985025995743836
370878,306523.36756102636,64354.63243897364,64354.63243897364,0.17351968150975156
335000,273249.7899614493,61750.21003855072,61750.21003855072,0.18432898518970364
239686,301041.96116816654,-61355.96116816654,61355.96116816654,-0.25598475158401635
62383,123725.12404817826,-61342.12404817826,61342.12404817826,-0.98331474998282
259000,198753.83288009305,60246.16711990695,60246.16711990695,0.2326106838606446
430000,369936.18347108434,60063.81652891566,60063.81652891566,0.13968329425329223
164000,223009.02068706378,-59009.02068706378,59009.02068706378,-0.3598111017503889
130500,189444.88174204563,-58944.88174204563,58944.88174204563,-0.45168491756356804
188000,130120.33765453708,57879.662345462915,57879.662345462915,0.30787054439076017
272000,214593.39953304012,57406.60046695988,57406.60046695988,0.2110536781873525
555000,498021.9070275253,56978.0929724747,56978.0929724747,0.10266323058103549
235000,178627.32225356897,56372.67774643103,56372.67774643103,0.23988373509119587
133900,190062.7832637123,-56162.78326371231,56162.78326371231,-0.4194382618649164
239000,182975.52759490107,56024.47240509893,56024.47240509893,0.2344120184313763
235000,179477.08140362008,55522.918596379925,55522.918596379925,0.2362677387079997
84500,139868.79235545045,-55368.79235545045,55368.79235545045,-0.6552519805378751
239799,294135.82464273926,-54336.82464273926,54336.82464273926,-0.2265932078229653
287000,232717.9769091926,54282.0230908074,54282.0230908074,0.18913596895751708
328000,276311.9721492205,51688.02785077947,51688.02785077947,0.15758545076457156
280000,330548.797193566,-50548.79719356599,50548.79719356599,-0.18053141854844995
250000,300337.2713805895,-50337.27138058952,50337.27138058952,-0.20134908552235808
315750,265824.02236533444,49925.977634665556,49925.977634665556,0.1581186940131926
110000,159381.75581988881,-49381.755819888815,49381.755819888815,-0.44892505290808016
135000,85980.95593651057,49019.04406348943,49019.04406348943,0.3631040300999217
250000,200998.32043238636,49001.67956761364,49001.67956761364,0.19600671827045454
258000,209361.1203405767,48638.87965942331,48638.87965942331,0.18852278937760975
265979,217673.92559576107,48305.07440423893,48305.07440423893,0.18161236189413046
60000,108123.33227595089,-48123.33227595089,48123.33227595089,-0.8020555379325148
274725,227545.22233344257,47179.777666557435,47179.777666557435,0.1717345624408315
437154,484322.5937527065,-47168.59375270648,47168.59375270648,-0.10789926147926471
415298,368221.7169322615,47076.28306773852,47076.28306773852,0.11335542927666042
121500,168271.8652673351,-46771.86526733509,46771.86526733509,-0.3849536235994657
325000,279200.1368468659,45799.86315313412,45799.86315313412,0.1409226558557973
235000,280332.9071769423,-45332.90717694227,45332.90717694227,-0.1929059879869884
250580,205266.88636642304,45313.113633576955,45313.113633576955,0.18083292215490843
361919,317524.60259993223,44394.39740006777,44394.39740006777,0.12266390380186663
244000,199692.46628568848,44307.53371431152,44307.53371431152,0.18158825292750622
179000,135015.8336071515,43984.16639284851,43984.16639284851,0.24572159996004753
37900,81653.27895111164,-43753.27895111164,43753.27895111164,-1.1544400778657427
182000,225494.8299296826,-43494.8299296826,43494.8299296826,-0.23898258203122308
287090,243817.61455680922,43272.38544319078,43272.38544319078,0.15072759567797828
309000,352084.77443918795,-43084.77443918795,43084.77443918795,-0.13943292698766327
310000,352358.7672962146,-42358.76729621459,42358.76729621459,-0.13664118482649867
260400,218243.73582997377,42156.26417002623,42156.26417002623,0.1618904153994863
140000,182068.51705063146,-42068.51705063146,42068.51705063146,-0.3004894075045104
269790,228236.80242322423,41553.19757677577,41553.19757677577,0.15402052550789788
200000,241465.21180445768,-41465.21180445768,41465.21180445768,-0.2073260590222884
122000,163375.68890056008,-41375.68890056008,41375.68890056008,-0.3391449909881974
200000,158756.18421978768,41243.81578021232,41243.81578021232,0.2062190789010616
159434,118279.88977019482,41154.110229805185,41154.110229805185,0.258126310760598
239000,279491.8282350153,-40491.82823501527,40491.82823501527,-0.16942187546031495
294000,253877.37745395483,40122.62254604517,40122.62254604517,0.13647150525865703
302000,262501.33805451606,39498.66194548394,39498.66194548394,0.13079027134266205
160000,120521.19836268546,39478.80163731454,39478.80163731454,0.24674251023321586
241000,201676.67880671026,39323.32119328974,39323.32119328974,0.16316730785597403
295493,256174.98850447068,39318.011495529325,39318.011495529325,0.13305902845593406
228950,189698.98331577683,39251.01668422317,39251.01668422317,0.17143925173279392
90000,129132.89641282216,-39132.896412822156,39132.896412822156,-0.4348099601424684
223500,184595.87883485504,38904.121165144956,38904.121165144956,0.17406765621988796
262000,300835.56442254916,-38835.564422549156,38835.564422549156,-0.1482273451242334
350000,388390.50845063996,-38390.50845063996,38390.50845063996,-0.10968716700182846
218000,179824.74046688294,38175.25953311706,38175.25953311706,0.17511586941796817
174000,212153.0475824845,-38153.04758248449,38153.04758248449,-0.21927038840508328
426000,387884.4833701283,38115.51662987168,38115.51662987168,0.08947304373209314
260000,222066.06326014615,37933.936739853845,37933.936739853845,0.14589975669174557
115000,152929.44501021563,-37929.445010215626,37929.445010215626,-0.32982126095839676
386250,348466.02677319816,37783.97322680184,37783.97322680184,0.09782258440595946
104900,142502.9092195203,-37602.90921952031,37602.90921952031,-0.3584643395569143
168000,205544.42881813194,-37544.42881813194,37544.42881813194,-0.2234787429650711
95000,132200.7785775568,-37200.778577556805,37200.778577556805,-0.3915871429216506
210000,172875.77805542672,37124.22194457328,37124.22194457328,0.17678200925987275
180000,142875.8852455743,37124.11475442571,37124.11475442571,0.20624508196903174
149000,186087.4026264973,-37087.40262649729,37087.40262649729,-0.24890874245971337
129500,166343.90684479667,-36843.90684479667,36843.90684479667,-0.2845089331644531
140000,176751.35151150293,-36751.35151150293,36751.35151150293,-0.26250965365359236
34900,71580.34292244965,-36680.34292244965,36680.34292244965,-1.0510126911876692
251000,287677.58016995696,-36677.58016995696,36677.58016995696,-0.14612581741018707
234000,197430.04497180114,36569.95502819886,36569.95502819886,0.15628185909486694
127500,163860.5291463682,-36360.52914636821,36360.52914636821,-0.28518062075582906
200000,163641.34546403855,36358.654535961454,36358.654535961454,0.18179327267980727
252678,216750.75994169654,35927.24005830346,35927.24005830346,0.1421858652447125
290000,254296.78633945933,35703.21366054067,35703.21366054067,0.12311452986393334
336000,300548.4300371979,35451.56996280211,35451.56996280211,0.105510624889292
339750,304321.920875586,35428.07912441401,35428.07912441401,0.10427690691512587
318000,282840.3720111205,35159.62798887951,35159.62798887951,0.11056486788955822
325300,290456.6463402206,34843.353659779415,34843.353659779415,0.1071114468483843
250000,284779.25812784873,-34779.258127848734,34779.258127848734,-0.13911703251139493
129900,164549.23132208624,-34649.23132208624,34649.23132208624,-0.2667377315018186
87000,121488.74145003315,-34488.74145003315,34488.74145003315,-0.3964223155176224
144000,109648.16494615919,34351.83505384081,34351.83505384081,0.23855441009611675
175900,210249.34717213915,-34349.347172139154,34349.347172139154,-0.19527769853404864
175000,140691.9041613978,34308.095838602196,34308.095838602196,0.19604626193486968
166000,131869.1309584468,34130.869041553204,34130.869041553204,0.20560764482863375
337000,303063.9412300126,33936.05876998737,33936.05876998737,0.10070047112755896
230000,196156.45281290248,33843.547187097516,33843.547187097516,0.1471458573352066
97500,131204.3823698601,-33704.382369860105,33704.382369860105,-0.34568597302420623
245500,211917.39358495848,33582.60641504152,33582.60641504152,0.13679269415495526
189950,156473.9045215022,33476.095478497795,33476.095478497795,0.17623635419056485
73000,106456.76223133471,-33456.76223133471,33456.76223133471,-0.4583118113881467
237000,203666.11886506533,33333.881134934665,33333.881134934665,0.1406492874891758
240000,206725.00754945824,33274.99245054176,33274.99245054176,0.13864580187725734
167500,200623.70627456458,-33123.70627456458,33123.70627456458,-0.19775347029590795
260000,293041.97180592717,-33041.97180592717,33041.97180592717,-0.12708450694587373
176000,143072.20420555392,32927.79579444608,32927.79579444608,0.18708974883208
313000,345740.1278849503,-32740.127884950314,32740.127884950314,-0.10460104755575181
125000,157731.95931021316,-32731.959310213162,32731.959310213162,-0.26185567448170527
239000,206318.28593728965,32681.71406271035,32681.71406271035,0.13674357348414373
325624,358198.5450295155,-32574.545029515517,32574.545029515517,-0.10003729770998304
236500,269068.7485722185,-32568.748572218523,32568.748572218523,-0.13771141045335528
79000,111372.11595697758,-32372.115956977577,32372.115956977577,-0.40977361970857695
130000,162340.61855210207,-32340.618552102067,32340.618552102067,-0.2487739888623236
225000,192821.90978350255,32178.090216497454,32178.090216497454,0.14301373429554423
82500,114638.52277100393,-32138.522771003933,32138.522771003933,-0.3895578517697446
372402,340388.04075550917,32013.959244490834,32013.959244490834,0.08596613134325497
195000,226545.00108807575,-31545.001088075747,31545.001088075747,-0.1617692363491064
210000,178576.46644525972,31423.53355474028,31423.53355474028,0.1496358740701918
208300,176886.48946914487,31413.51053085513,31413.51053085513,0.1508089799849022
79900,111151.30801081739,-31251.30801081739,31251.30801081739,-0.3911302629639223
161000,192121.9313238657,-31121.93132386569,31121.93132386569,-0.19330392126624651
350000,381096.8175036919,-31096.817503691884,31096.817503691884,-0.08884805001054824
90000,120935.94455245972,-30935.944552459725,30935.944552459725,-0.3437327172495525
220000,250805.5148045635,-30805.514804563514,30805.514804563514,-0.14002506729347053
187500,218281.646849117,-30781.64684911701,30781.64684911701,-0.1641687831952907
99500,130176.71039798274,-30676.710397982737,30676.710397982737,-0.3083086472159069
94750,125084.70279162907,-30334.702791629068,30334.702791629068,-0.3201551745818371
80000,110317.50542341344,-30317.505423413444,30317.505423413444,-0.37896881779266806
91500,121782.8688190405,-30282.868819040494,30282.868819040494,-0.3309603149621912
254900,224617.6579477439,30282.342052256106,30282.342052256106,0.11880087113478269
281213,311484.0050224855,-30271.005022485508,30271.005022485508,-0.1076444012989638
52000,82250.97459997749,-30250.97459997749,30250.97459997749,-0.5817495115380287
240000,209810.85146348004,30189.148536519962,30189.148536519962,0.1257881189021665
394617,364719.8519043118,29897.1480956882,29897.1480956882,0.07576244332020213
278000,307572.20153275447,-29572.201532754465,29572.201532754465,-0.10637482565739016
174900,145404.05394099126,29495.94605900874,29495.94605900874,0.16864463155522436
172500,201987.41199969032,-29487.411999690317,29487.411999690317,-0.17094151883878445
238000,267480.35176481697,-29480.351764816965,29480.351764816965,-0.12386702422192002
354000,383370.58724941395,-29370.587249413948,29370.587249413948,-0.08296776059156483
170000,198854.39363052184,-28854.393630521838,28854.393630521838,-0.16973172723836374
155000,183681.31878785015,-28681.31878785015,28681.31878785015,-0.18504076637322678
446261,474927.44157255907,-28666.441572559066,28666.441572559066,-0.06423694110074388
185000,156668.2810676632,28331.718932336807,28331.718932336807,0.15314442666128003
190000,218300.55592529924,-28300.55592529924,28300.55592529924,-0.1489502943436802
154000,182288.1379977821,-28288.13799778209,28288.13799778209,-0.18368920777780579
231500,203223.7957630794,28276.204236920603,28276.204236920603,0.12214343082903069
104900,133076.92112741558,-28176.921127415582,28176.921127415582,-0.26860744640052986
98600,126644.14513355949,-28044.14513355949,28044.14513355949,-0.28442337863650596
248000,220152.23058737948,27847.769412620517,27847.769412620517,0.11228939279282467
197500,169660.24410964095,27839.755890359054,27839.755890359054,0.1409607893182737
230500,258336.78784441162,-27836.78784441162,27836.78784441162,-0.12076697546382482
217000,189232.7384253167,27767.261574683303,27767.261574683303,0.12795973075890923
219500,191809.60717244993,27690.392827550066,27690.392827550066,0.12615213133280212
385000,357337.6432032282,27662.35679677181,27662.35679677181,0.0718502773942125
333168,360794.39321187156,-27626.39321187156,27626.39321187156,-0.08292030810843647
158000,185603.48777814308,-27603.487778143084,27603.487778143084,-0.17470561884900687
340000,312551.99591852596,27448.004081474035,27448.004081474035,0.08072942376904128
299800,327113.65283681924,-27313.652836819238,27313.652836819238,-0.09110624695403348
127000,154210.27189978634,-27210.27189978634,27210.27189978634,-0.21425410944713655
320000,347143.14370200486,-27143.14370200486,27143.14370200486,-0.08482232406876519
314813,341771.0596210152,-26958.059621015214,26958.059621015214,-0.08563197714521069
263435,236615.76166779624,26819.238332203764,26819.238332203764,0.10180590404541448
328900,302087.2786573172,26812.72134268278,26812.72134268278,0.08152241210909936
112000,138807.11792181293,-26807.117921812925,26807.117921812925,-0.23934926715904398
97000,123779.65457079308,-26779.654570793078,26779.654570793078,-0.27607891310095956
325000,298308.0703070107,26691.929692989273,26691.929692989273,0.082129014439967
345000,371682.34186000505,-26682.34186000505,26682.34186000505,-0.07734012133334797
262500,235845.39929013516,26654.60070986484,26654.60070986484,0.10154133603758035
169900,143279.221968323,26620.778031677008,26620.778031677008,0.15668497958609187
124900,151361.78437389032,-26461.784373890318,26461.784373890318,-0.21186376600392567
181000,154682.30152803005,26317.698471969954,26317.698471969954,0.1454016490164086
324000,297770.20991837786,26229.790081622137,26229.790081622137,0.08095614222722881
192000,218066.74426359351,-26066.744263593515,26066.744263593515,-0.13576429303954957
197500,171527.44531822906,25972.55468177094,25972.55468177094,0.13150660598365033
163500,137528.5577254552,25971.442274544796,25971.442274544796,0.15884674174033514
209500,235460.72965728692,-25960.729657286924,25960.729657286924,-0.1239175639965963
167500,141707.22086175316,25792.779138246842,25792.779138246842,0.15398674112386174
281000,255278.78613531604,25721.21386468396,25721.21386468396,0.09153456891346605
374000,348304.41504477634,25695.58495522366,25695.58495522366,0.0687047726075499
161500,135874.4006225724,25625.5993774276,25625.5993774276,0.15867244196549596
58500,84088.32334178941,-25588.323341789408,25588.323341789408,-0.43740723661178477
110500,135973.83273240077,-25473.83273240077,25473.83273240077,-0.23053242291765402
229000,254460.84677512184,-25460.84677512184,25460.84677512184,-0.11118273700926569
378500,353090.8242480214,25409.17575197859,25409.17575197859,0.06713124373045863
150900,176209.7187811934,-25309.718781193398,25309.718781193398,-0.16772510789392578
177000,151792.4939051441,25207.506094855897,25207.506094855897,0.14241528867150224
229456,254410.79969248697,-24954.799692486966,24954.799692486966,-0.10875636153548814
139600,114702.03428495456,24897.965715045444,24897.965715045444,0.1783521899358556
109000,133837.12476173977,-24837.124761739775,24837.124761739775,-0.22786352992421813
315000,339682.2992959013,-24682.29929590132,24682.29929590132,-0.07835650570127403
179500,154831.59899543115,24668.40100456885,24668.40100456885,0.13742841785275126
270000,245364.7836368531,24635.2163631469,24635.2163631469,0.09124154208572927
168000,192626.57392067337,-24626.57392067337,24626.57392067337,-0.1465867495278177
178000,153418.69410369074,24581.305896309263,24581.305896309263,0.13809722413656889
110000,134472.57333120884,-24472.57333120884,24472.57333120884,-0.22247793937462584
151400,175838.67459374337,-24438.674593743373,24438.674593743373,-0.1614179299454648
222000,246415.25641651716,-24415.256416517164,24415.256416517164,-0.10997863250683407
239000,214585.9284773676,24414.07152263241,24414.07152263241,0.10215092687293896
301500,325817.52522984403,-24317.525229844032,24317.525229844032,-0.08065514172419248
172500,148237.0039684591,24262.99603154091,24262.99603154091,0.14065504945820817
225000,249092.71183553524,-24092.711835535243,24092.711835535243,-0.10707871926904552
176485,200525.96826429784,-24040.968264297844,24040.968264297844,-0.1362210287803374
122000,146018.73776613324,-24018.737766133243,24018.737766133243,-0.19687489972240363
275000,251171.90998577312,23828.09001422688,23828.09001422688,0.08664760005173411
316600,292798.3828324313,23801.617167568707,23801.617167568707,0.07517882870362826
180000,156235.67389528747,23764.326104712527,23764.326104712527,0.1320240339150696
175500,151749.37731183623,23750.62268816377,23750.62268816377,0.13533118340834058
160000,136288.67055232028,23711.329447679716,23711.329447679716,0.14819580904799823
231500,207791.0744093601,23708.925590639905,23708.925590639905,0.1024143654023322
290000,313682.1286809128,-23682.128680912778,23682.128680912778,-0.08166251269280268
342643,366300.905768067,-23657.905768066994,23657.905768066994,-0.06904534973154856
194700,171068.1239996799,23631.876000320102,23631.876000320102,0.12137583975511095
169500,193039.74650269578,-23539.74650269578,23539.74650269578,-0.13887756048788072
230000,206514.833210106,23485.166789893992,23485.166789893992,0.10210942082562606
189000,165731.55906262936,23268.440937370644,23268.440937370644,0.12311344411307219
129000,105756.17563499081,23243.82436500919,23243.82436500919,0.18018468500007123
207500,184348.9423323844,23151.05766761559,23151.05766761559,0.11157136225356912
141000,164129.9415891791,-23129.9415891791,23129.9415891791,-0.16404213893034822
187500,210628.85437270257,-23128.854372702568,23128.854372702568,-0.12335388998774703
179200,156084.17850331005,23115.821496689954,23115.821496689954,0.12899453960206447
220000,196945.72907879052,23054.270921209478,23054.270921209478,0.10479214055095218
265900,242896.2408224198,23003.759177580214,23003.759177580214,0.08651282127709746
237500,214669.15790916752,22830.842090832477,22830.842090832477,0.09612986143508412
169000,146345.95317657155,22654.04682342845,22654.04682342845,0.1340476143398133
113000,90393.92485990154,22606.07514009846,22606.07514009846,0.20005376230175628
320000,297413.81753687793,22586.182463122066,22586.182463122066,0.07058182019725645
100000,122559.31712341397,-22559.317123413974,22559.317123413974,-0.22559317123413974
179665,202196.8014600373,-22531.8014600373,22531.8014600373,-0.12541007686548464
152000,129528.40304232642,22471.59695767358,22471.59695767358,0.14783945366890514
39300,61770.41244366336,-22470.412443663357,22470.412443663357,-0.5717662199405434
214500,192046.88211820112,22453.117881798884,22453.117881798884,0.10467654024148663
235000,257426.86603497042,-22426.866034970415,22426.866034970415,-0.09543347248923581
219500,241860.8967459091,-22360.896745909093,22360.896745909093,-0.10187196695174985
189000,211342.96458990927,-22342.964589909272,22342.964589909272,-0.11821674386195383
165400,187673.5638123832,-22273.56381238319,22273.56381238319,-0.1346648356250495
105000,127229.9648286656,-22229.9648286656,22229.9648286656,-0.2117139507491962
318000,295806.73349096713,22193.266509032866,22193.266509032866,0.06979014625482033
149900,127759.09411529031,22140.90588470969,22140.90588470969,0.1477045089040006
202500,224582.21222506423,-22082.212225064228,22082.212225064228,-0.10904796160525544
335000,356972.9463445859,-21972.946344585915,21972.946344585915,-0.06559088461070423
159000,180892.87961172205,-21892.879611722048,21892.879611722048,-0.13769106674039025
205000,226674.23628887377,-21674.23628887377,21674.23628887377,-0.10572798189694523
181000,159390.84091558322,21609.15908441678,21609.15908441678,0.11938761925092144
167900,189440.22408432045,-21540.22408432045,21540.22408432045,-0.12829198382561316
227680,206165.20660961902,21514.793390380975,21514.793390380975,0.09449575452556648
232600,254068.27197350623,-21468.271973506227,21468.271973506227,-0.09229695603399066
221000,199565.17261624878,21434.827383751224,21434.827383751224,0.09699016915724536
55000,76326.33140859811,-21326.33140859811,21326.33140859811,-0.38775148015632926
176500,155352.98556638826,21147.014433611737,21147.014433611737,0.11981311293831012
265000,243902.28729605387,21097.712703946134,21097.712703946134,0.07961401020357031
275000,253993.26764328478,21006.73235671522,21006.73235671522,0.07638811766078261
170000,149036.14433897007,20963.855661029927,20963.855661029927,0.1233167980060584
83500,104385.92222015886,-20885.922220158856,20885.922220158856,-0.2501308050318426
116050,95192.2172971607,20857.782702839293,20857.782702839293,0.17973100131701245
128000,148850.5976714618,-20850.597671461786,20850.597671461786,-0.16289529430829522
189000,209807.48139652068,-20807.481396520685,20807.481396520685,-0.1100924941614851
108000,128739.01524695309,-20739.015246953088,20739.015246953088,-0.19202791895326932
257500,236783.67981839474,20716.32018160526,20716.32018160526,0.08045172886060295
180500,159797.09987160543,20702.90012839457,20702.90012839457,0.11469750763653501
139000,159641.64278948665,-20641.64278948665,20641.64278948665,-0.1485010272624939
165000,144387.20441663289,20612.795583367115,20612.795583367115,0.12492603383858858
163900,184428.36379720792,-20528.363797207916,20528.363797207916,-0.1252493215204876
139000,118560.99774423208,20439.00225576792,20439.00225576792,0.1470431816961721
145000,165431.98509600395,-20431.985096003948,20431.985096003948,-0.14091024204140654
160000,139588.8080503733,20411.191949626693,20411.191949626693,0.12756994968516683
130000,150392.924043357,-20392.924043356994,20392.924043356994,-0.15686864648736148
100000,120383.23943886906,-20383.23943886906,20383.23943886906,-0.20383239438869058
171000,191307.02406426985,-20307.024064269848,20307.024064269848,-0.11875452669163654
266500,246204.19459807788,20295.805401922116,20295.805401922116,0.07615686829989537
145000,124711.95868526446,20288.041314735543,20288.041314735543,0.13991752630852097
110500,90217.52745740919,20282.47254259081,20282.47254259081,0.18355178771575395
123600,103349.3367441585,20250.6632558415,20250.6632558415,0.16384031760389564
179400,159150.7198729825,20249.280127017497,20249.280127017497,0.11287224151068839
145000,165232.00451898755,-20232.004518987553,20232.004518987553,-0.13953106564819
144000,164210.33283901622,-20210.33283901622,20210.33283901622,-0.14034953360427932
263000,243010.70290320323,19989.29709679677,19989.29709679677,0.07600493192698392
233000,213016.894654913,19983.10534508701,19983.10534508701,0.08576440062269103
215000,195121.7206246965,19878.279375303508,19878.279375303508,0.09245711337350469
212000,231811.25357182592,-19811.253571825917,19811.253571825917,-0.09344930930106564
271900,252174.82023393587,19725.17976606413,19725.17976606413,0.07254571447614612
146000,165722.23282566186,-19722.232825661864,19722.232825661864,-0.13508378647713606
193000,173333.4923278021,19666.507672197913,19666.507672197913,0.10189900348289074
129900,110295.84882755362,19604.151172446378,19604.151172446378,0.15091725305963338
385000,365459.26863777085,19540.731362229155,19540.731362229155,0.0507551463954004
165000,145595.0613294997,19404.938670500298,19404.938670500298,0.11760568891212302
135000,154225.5486592672,-19225.548659267195,19225.548659267195,-0.14241147155012737
290000,270797.11097394925,19202.889026050747,19202.889026050747,0.06621685871051981
147000,127924.01681555854,19075.98318444146,19075.98318444146,0.12976859309143848
206900,187863.31472266247,19036.68527733753,19036.68527733753,0.09200911202193102
165000,145988.1696559307,19011.830344069313,19011.830344069313,0.11522321420648068
193500,212496.93171094815,-18996.93171094815,18996.93171094815,-0.0981753576793186
262280,243307.2730546621,18972.726945337898,18972.726945337898,0.07233768089575224
139000,120042.29619544433,18957.70380455567,18957.70380455567,0.1363863583061559
145900,164855.34295505637,-18955.342955056374,18955.342955056374,-0.1299201025020999
168000,149048.7144017695,18951.28559823049,18951.28559823049,0.11280527141803863
128000,109211.35608355838,18788.643916441622,18788.643916441622,0.14678628059720017
213490,194716.60219529882,18773.397804701177,18773.397804701177,0.08793572441192177
96500,77823.08787091609,18676.91212908391,18676.91212908391,0.19354313087133584
103600,122205.4162820265,-18605.416282026505,18605.416282026505,-0.1795889602512211
164990,183512.72982131498,-18522.729821314977,18522.729821314977,-0.11226577260024836
85000,103467.28482479975,-18467.284824799746,18467.284824799746,-0.2172621744094088
100000,81535.98078482,18464.01921518,18464.01921518,0.1846401921518
112000,93538.881542026,18461.118457973993,18461.118457973993,0.1648314148033392
162000,180455.955395588,-18455.95539558801,18455.95539558801,-0.11392565059004946
207000,188548.6842267107,18451.3157732893,18451.3157732893,0.08913679117531063
278000,259595.60220632787,18404.397793672135,18404.397793672135,0.06620286976141056
185000,166601.67979288363,18398.32020711637,18398.32020711637,0.09945037949792632
248328,229986.27523541005,18341.724764589948,18341.724764589948,0.07386088062799985
148000,129748.30548547301,18251.694514526986,18251.694514526986,0.12332226023329045
76000,94195.60176683732,-18195.601766837324,18195.601766837324,-0.23941581272154375
127000,108838.91232533938,18161.087674660623,18161.087674660623,0.14300069035165844
234000,215889.22493447197,18110.775065528025,18110.775065528025,0.07739647463900866
176432,158384.25135751872,18047.74864248128,18047.74864248128,0.10229294369774918
228500,210492.44132814076,18007.55867185924,18007.55867185924,0.07880769659456997
129000,147004.02550708732,-18004.025507087325,18004.025507087325,-0.13956608920222732
133700,115732.36480349464,17967.63519650536,17967.63519650536,0.13438769780482693
155000,172964.4503692717,-17964.45036927171,17964.45036927171,-0.11589967980175298
232000,214125.80985545422,17874.190144545777,17874.190144545777,0.07704392303683524
120000,137870.20342178867,-17870.20342178867,17870.20342178867,-0.1489183618482389
119000,101182.12010462249,17817.87989537751,17817.87989537751,0.14973008315443287
109900,127690.3344574595,-17790.334457459496,17790.334457459496,-0.1618774745901683
158000,140260.18494227278,17739.815057727217,17739.815057727217,0.11227731049194441
167500,149811.94183492824,17688.058165071765,17688.058165071765,0.10560034725415979
213500,195841.61076162124,17658.38923837876,17658.38923837876,0.08270908308374127
142600,124995.95951440322,17604.04048559678,17604.04048559678,0.12345049428889747
200000,217592.3352266543,-17592.335226654308,17592.335226654308,-0.08796167613327154
125000,107471.03061520145,17528.969384798547,17528.969384798547,0.14023175507838836
205000,187479.72240372107,17520.27759627893,17520.27759627893,0.08546476876233625
137900,120425.3962706496,17474.603729350405,17474.603729350405,0.126719388900293
147000,129526.38358534483,17473.616414655175,17473.616414655175,0.11886813887520527
266000,283472.3235592293,-17472.32355922932,17472.32355922932,-0.06568542691439594
305900,323337.71263566514,-17437.712635665142,17437.712635665142,-0.057004617965561104
179900,197166.83221395678,-17266.832213956775,17266.832213956775,-0.0959801679486202
178000,195192.64426087422,-17192.64426087422,17192.64426087422,-0.09658788910603495
93000,110110.02358200867,-17110.023582008667,17110.023582008667,-0.18397874819364157
80500,63394.063373832374,17105.936626167626,17105.936626167626,0.2124961071573618
216500,199414.2242830528,17085.775716947188,17085.775716947188,0.0789181326417884
207500,224553.17273159375,-17053.172731593746,17053.172731593746,-0.08218396497153613
151500,134505.51083919397,16994.489160806028,16994.489160806028,0.11217484594591437
240000,223015.9682324919,16984.031767508102,16984.031767508102,0.07076679903128376
211000,194017.05570344298,16982.94429655702,16982.94429655702,0.08048788766140767
250000,266965.5074994438,-16965.507499443775,16965.507499443775,-0.0678620299977751
162900,145945.63384893598,16954.366151064023,16954.366151064023,0.10407836802372021
274300,257358.0477045258,16941.952295474213,16941.952295474213,0.06176431751904562
187500,204217.74335639126,-16717.743356391264,16717.743356391264,-0.0891612979007534
97000,113717.48232994287,-16717.482329942868,16717.482329942868,-0.17234517865920482
145000,128290.415370562,16709.584629438003,16709.584629438003,0.11523851468577932
158000,174692.2035531852,-16692.203553185187,16692.203553185187,-0.10564685793155182
208900,192227.87398333524,16672.126016664755,16672.126016664755,0.07980912406254072
126000,109464.67480269077,16535.325197309226,16535.325197309226,0.13123273966118434
141000,124490.74350747024,16509.256492529763,16509.256492529763,0.11708692547893448
320000,336478.39475060796,-16478.394750607957,16478.394750607957,-0.051494983595649864
163000,146546.70237658065,16453.29762341935,16453.29762341935,0.10094047621729661
139000,122599.68651405,16400.31348595,16400.31348595,0.11798786680539568
149500,165888.99469338948,-16388.994693389483,16388.994693389483,-0.10962538256447814
136000,152375.94069723017,-16375.940697230166,16375.940697230166,-0.12041132865610416
169500,153171.05955208212,16328.940447917877,16328.940447917877,0.09633593184612317
190000,206307.82718784892,-16307.827187848918,16307.827187848918,-0.08583066940973115
164000,147703.0219883946,16296.978011605388,16296.978011605388,0.0993718171439353
137500,153777.7579525641,-16277.757952564105,16277.757952564105,-0.11838369420046621
124500,140763.82214999775,-16263.822149997752,16263.822149997752,-0.13063310963853617
149900,166080.6474600928,-16180.64746009279,16180.64746009279,-0.10794294503063903
129000,112901.41494202269,16098.58505797731,16098.58505797731,0.12479523300757606
227000,210936.9288241672,16063.071175832796,16063.071175832796,0.07076242808736914
190000,174105.10384881255,15894.896151187451,15894.896151187451,0.08365734816414448
142000,126118.96754478366,15881.032455216337,15881.032455216337,0.11183825672687561
180000,195828.93007008577,-15828.930070085771,15828.930070085771,-0.08793850038936539
52500,68283.08018574823,-15783.08018574823,15783.08018574823,-0.30063009877615676
179900,164161.00362040568,15738.996379594319,15738.996379594319,0.08748747292715019
139000,123276.90085598559,15723.099144014413,15723.099144014413,0.1131158211799598
194000,209710.77379829247,-15710.773798292474,15710.773798292474,-0.0809833700942911
242000,226297.22030995553,15702.779690044466,15702.779690044466,0.06488751938034903
134900,119217.76510236834,15682.234897631657,15682.234897631657,0.11625081465998263
143250,127669.94479704055,15580.055202959455,15580.055202959455,0.1087612928653365
106250,90721.47920657463,15528.52079342537,15528.52079342537,0.14615078393812114
171000,186485.7865572819,-15485.786557281914,15485.786557281914,-0.09056015530574218
202665,187253.25853642772,15411.741463572282,15411.741463572282,0.0760454023317903
157500,172868.21237169122,-15368.212371691217,15368.212371691217,-0.09757595156629345
215000,230346.82027282086,-15346.820272820856,15346.820272820856,-0.0713805594084691
200100,184782.7618598725,15317.238140127505,15317.238140127505,0.0765479167422664
185850,201141.8875555888,-15291.887555588793,15291.887555588793,-0.08228080471126605
55000,70274.6922276809,-15274.692227680905,15274.692227680905,-0.27772167686692556
275500,260228.30822190957,15271.691778090433,15271.691778090433,0.055432638032996126
197900,182644.15139269485,15255.848607305146,15255.848607305146,0.0770886741147304
109500,94259.16305771594,15240.836942284062,15240.836942284062,0.13918572550031108
237000,252186.28818311216,-15186.288183112163,15186.288183112163,-0.06407716532958718
241500,226354.35456423656,15145.645435763436,15145.645435763436,0.06271488793276785
269500,284595.55772029125,-15095.557720291254,15095.557720291254,-0.05601320118846476
87000,102094.13115584577,-15094.131155845767,15094.131155845767,-0.1734957604120203
157500,142412.1647848076,15087.835215192405,15087.835215192405,0.09579577914407876
280000,295084.9220697899,-15084.9220697899,15084.9220697899,-0.05387472167782107
198900,213973.24352998866,-15073.243529988657,15073.243529988657,-0.07578302428350255
132500,147571.06270109423,-15071.062701094226,15071.062701094226,-0.11374386944222058
159500,144444.8396052511,15055.160394748906,15055.160394748906,0.09438972034325332
184000,199029.56907525254,-15029.56907525254,15029.56907525254,-0.0816824406263725
268000,252982.7151945716,15017.284805428411,15017.284805428411,0.05603464479637467
112500,127510.65156557238,-15010.651565572378,15010.651565572378,-0.1334280139161989
270000,284998.66384397657,-14998.663843976567,14998.663843976567,-0.05555060682954284
228000,242988.05031216601,-14988.050312166015,14988.050312166015,-0.06573706277265796
176000,190984.76760851554,-14984.76760851554,14984.76760851554,-0.08514072504838376
137450,152412.30704720854,-14962.307047208538,14962.307047208538,-0.10885636265702829
127000,141947.57360388752,-14947.573603887518,14947.573603887518,-0.11769742995187023
207500,222441.38865750903,-14941.38865750903,14941.38865750903,-0.07200669232534472
132250,147133.75866767703,-14883.75866767703,14883.75866767703,-0.1125425986213764
134450,149283.69935827053,-14833.699358270533,14833.699358270533,-0.11032874197300507
138500,123695.57207265838,14804.427927341618,14804.427927341618,0.1068911763706976
150000,164725.12033792853,-14725.120337928529,14725.120337928529,-0.09816746891952352
76500,91186.60460570811,-14686.604605708111,14686.604605708111,-0.19198175955174002
143750,129093.99064136879,14656.009358631214,14656.009358631214,0.10195484771221715
176000,161371.35973279027,14628.640267209732,14628.640267209732,0.08311727424550984
129900,115277.62979026447,14622.370209735527,14622.370209735527,0.11256636035208258
118000,103394.94786379508,14605.052136204918,14605.052136204918,0.12377162827292304
149000,134410.8183803927,14589.18161960729,14589.18161960729,0.09791397060139122
120000,134581.06139708753,-14581.061397087527,14581.061397087527,-0.12150884497572939
130000,144554.1587067247,-14554.158706724702,14554.158706724702,-0.1119550669748054
89500,104044.56727646216,-14544.567276462156,14544.567276462156,-0.16250913158058275
206000,191481.59865092058,14518.401349079417,14518.401349079417,0.07047767645184183
78000,92471.40647184,-14471.406471840004,14471.406471840004,-0.18553085220307697
190000,175558.22573952324,14441.774260476755,14441.774260476755,0.07600933821303556
270000,255592.06919036692,14407.930809633079,14407.930809633079,0.053362706702344734
290000,275601.0454604169,14398.954539583123,14398.954539583123,0.04965156737787284
127000,112612.01971318208,14387.980286817925,14387.980286817925,0.11329118336077106
112000,97646.11366989162,14353.886330108377,14353.886330108377,0.12815969937596766
207500,193151.25225076854,14348.747749231465,14348.747749231465,0.06915059156256127
148000,133666.48165478947,14333.518345210527,14333.518345210527,0.09684809692709816
130000,144281.76070093832,-14281.760700938321,14281.760700938321,-0.10985969769952554
228000,242229.35246635645,-14229.352466356446,14229.352466356446,-0.062409440641914234
109500,95274.76729200894,14225.232707991061,14225.232707991061,0.12991080098621974
277000,262779.05377087166,14220.946229128342,14220.946229128342,0.051339156061835166
173000,187116.8132615261,-14116.813261526113,14116.813261526113,-0.08160007665622031
255500,241402.0700984976,14097.929901502386,14097.929901502386,0.05517780783366883
160000,174088.5712496647,-14088.571249664703,14088.571249664703,-0.0880535703104044
113000,98938.56930605511,14061.430693944887,14061.430693944887,0.12443743976942379
125000,110978.67473258461,14021.325267415392,14021.325267415392,0.11217060213932313
207500,193571.75042716585,13928.249572834146,13928.249572834146,0.06712409432691155
153000,166897.25823438316,-13897.25823438316,13897.25823438316,-0.090831753165903
235128,248917.75073939507,-13789.750739395065,13789.750739395065,-0.058647846021720365
144000,130212.6525529293,13787.3474470707,13787.3474470707,0.09574546838243542
187000,200710.8200203102,-13710.820020310202,13710.820020310202,-0.07331989315673905
143000,156676.3428101501,-13676.34281015009,13676.34281015009,-0.0956387609101405
180500,166853.35619317146,13646.643806828535,13646.643806828535,0.07560467483007499
381000,367362.8057650398,13637.194234960189,13637.194234960189,0.03579316072168028
138800,152397.85288006064,-13597.852880060644,13597.852880060644,-0.09796723976988936
215000,201465.9291018637,13534.070898136299,13534.070898136299,0.0629491669680758
156000,142468.04017425483,13531.959825745173,13531.959825745173,0.08674333221631521
120000,106496.9772391465,13503.022760853506,13503.022760853506,0.11252518967377921
152000,138502.05728049844,13497.94271950156,13497.94271950156,0.08880225473356289
98000,84519.9897689553,13480.010231044696,13480.010231044696,0.13755112480657852
120500,107132.58981030843,13367.410189691567,13367.410189691567,0.11093286464474329
135000,148365.52713033426,-13365.52713033426,13365.52713033426,-0.09900390466914266
105000,118325.1210175109,-13325.1210175109,13325.1210175109,-0.12690591445248478
137500,150807.75002114355,-13307.750021143554,13307.750021143554,-0.09678363651740766
106000,119291.26906872893,-13291.269068728929,13291.269068728929,-0.12538933083706535
87000,100278.87858293792,-13278.87858293792,13278.87858293792,-0.15263078830963125
212000,225244.38782864244,-13244.387828642444,13244.387828642444,-0.062473527493596435
167240,180476.8720408828,-13236.872040882794,13236.872040882794,-0.07914895982350391
158900,145694.46902795602,13205.530972043984,13205.530972043984,0.0831059217875644
153900,140720.28735786525,13179.71264213475,13179.71264213475,0.08563815881828947
214000,227154.3304278818,-13154.330427881796,13154.330427881796,-0.06146883377514858
190000,176859.35864331224,13140.64135668776,13140.64135668776,0.06916127029835663
170000,183139.521905835,-13139.52190583499,13139.52190583499,-0.07729130532844113
285000,298111.5682055394,-13111.568205539428,13111.568205539428,-0.04600550247557694
94000,80898.87867259585,13101.121327404151,13101.121327404151,0.13937363114259735
185000,171907.9622854551,13092.037714544887,13092.037714544887,0.07076777142997237
120000,133060.87328006866,-13060.873280068656,13060.873280068656,-0.1088406106672388
180000,166942.95618200715,13057.043817992846,13057.043817992846,0.07253913232218248
221000,234036.31785689975,-13036.317856899754,13036.317856899754,-0.058987863605881236
230000,217013.27685636238,12986.723143637617,12986.723143637617,0.056464013667989636
268000,280978.49808509013,-12978.498085090134,12978.498085090134,-0.04842723166078408
154000,141056.76166157896,12943.23833842104,12943.23833842104,0.08404700219753923
194500,207431.3652328455,-12931.365232845506,12931.365232845506,-0.06648516829226482
159895,172822.73727400447,-12927.737274004467,12927.737274004467,-0.0808514167047404
100000,112904.99442528676,-12904.994425286757,12904.994425286757,-0.12904994425286756
140000,152897.59633916282,-12897.596339162817,12897.596339162817,-0.09212568813687727
106000,118866.21928478699,-12866.219284786988,12866.219284786988,-0.1213794272149716
217000,204169.54484959232,12830.45515040768,12830.45515040768,0.05912652143045014
88000,100801.43098214148,-12801.430982141479,12801.430982141479,-0.14547080661524409
179540,192315.75743027058,-12775.757430270576,12775.757430270576,-0.07115827910365699
215000,227737.39899209412,-12737.398992094124,12737.398992094124,-0.05924371624229825
127500,114868.77507459518,12631.224925404822,12631.224925404822,0.0990684307874888
230000,217370.7454097952,12629.2545902048,12629.2545902048,0.05490980256610783
131500,144114.7472410411,-12614.7472410411,12614.7472410411,-0.09592963681400075
108000,120544.83310363255,-12544.833103632554,12544.833103632554,-0.1161558620706718
233170,220656.3197511454,12513.680248854595,12513.680248854595,0.053667625547259915
158500,145999.315038835,12500.68496116501,12500.68496116501,0.07886867483384864
159000,146510.39268149305,12489.607318506954,12489.607318506954,0.07855098942457205
119750,107272.61337225173,12477.386627748274,12477.386627748274,0.10419529543004821
128000,115544.87166025474,12455.128339745264,12455.128339745264,0.09730569015425988
153500,141063.7083379011,12436.291662098898,12436.291662098898,0.08101818672377133
160000,147620.4768020438,12379.523197956209,12379.523197956209,0.0773720199872263
208500,196134.73090414217,12365.269095857831,12365.269095857831,0.059305846982531565
136500,124160.43231618906,12339.567683810936,12339.567683810936,0.09039976325136216
185000,197301.0675341948,-12301.067534194794,12301.067534194794,-0.06649225694159348
150000,137710.0109999194,12289.98900008059,12289.98900008059,0.08193326000053727
116900,129185.50084163542,-12285.500841635425,12285.500841635425,-0.1050941047188659
197000,184747.49711863592,12252.502881364082,12252.502881364082,0.06219544609829483
174000,161767.9592572635,12232.040742736513,12232.040742736513,0.07029908472837076
123000,135228.75721296776,-12228.757212967757,12228.757212967757,-0.09942079034933136
79000,91220.45839495963,-12220.458394959627,12220.458394959627,-0.15468934677164084
89000,101191.47708954243,-12191.47708954243,12191.47708954243,-0.13698288864654415
155000,142809.8462689065,12190.15373109351,12190.15373109351,0.0786461531038291
193500,181313.0224235947,12186.977576405305,12186.977576405305,0.06298179626049254
108000,120179.75439107357,-12179.75439107357,12179.75439107357,-0.11277550362105157
93000,105155.61842204811,-12155.618422048108,12155.618422048108,-0.13070557443062483
105000,117149.12647686637,-12149.126476866368,12149.126476866368,-0.11570596644634636
118500,130605.05750213028,-12105.05750213028,12105.05750213028,-0.10215238398422177
139000,126966.12639622002,12033.873603779983,12033.873603779983,0.08657463024302146
147500,159494.2816490133,-11994.281649013312,11994.281649013312,-0.08131716372212415
125500,113517.57128016744,11982.428719832562,11982.428719832562,0.09547751967994073
152000,140087.11166927606,11912.888330723945,11912.888330723945,0.07837426533371017
155000,166894.37939856693,-11894.379398566933,11894.379398566933,-0.07673793160365763
107000,118890.02351408663,-11890.023514086628,11890.023514086628,-0.11112171508492176
135000,123119.07462270984,11880.925377290157,11880.925377290157,0.08800685464659376
194000,205858.00215456996,-11858.002154569956,11858.002154569956,-0.061123722446236886
178400,190248.33991522476,-11848.339915224758,11848.339915224758,-0.06641446140821053
161000,149153.60355684385,11846.396443156147,11846.396443156147,0.07358010213140465
124000,135837.90491763214,-11837.904917632142,11837.904917632142,-0.0954669751421947
155000,166805.8705128771,-11805.870512877096,11805.870512877096,-0.07616690653469094
171900,160161.31222641905,11738.687773580954,11738.687773580954,0.06828788698999973
144000,132261.81475010965,11738.185249890346,11738.185249890346,0.08151517534646074
248000,259722.2362911827,-11722.236291182693,11722.236291182693,-0.04726708181928505
181000,169286.50660869133,11713.493391308672,11713.493391308672,0.06471543310115288
186700,198406.6508511597,-11706.650851159706,11706.650851159706,-0.0627030040233514
134000,145594.16357006374,-11594.163570063742,11594.163570063742,-0.08652360873181897
212900,224472.57580645315,-11572.575806453155,11572.575806453155,-0.05435686146760524
173900,185459.54924886712,-11559.549248867115,11559.549248867115,-0.0664723936105067
245350,256835.17997930074,-11485.179979300738,11485.179979300738,-0.04681141218382204
216000,204517.95319451662,11482.046805483376,11482.046805483376,0.05315762409946007
149900,138431.69757149293,11468.302428507071,11468.302428507071,0.07650635375921995
228500,239964.0148264135,-11464.014826413506,11464.014826413506,-0.05017074322281622
215000,203543.69827920187,11456.301720798132,11456.301720798132,0.05328512428278201
115000,103545.44486296576,11454.555137034244,11454.555137034244,0.09960482727855864
132000,143412.78018127708,-11412.780181277078,11412.780181277078,-0.08646045591876574
181000,192352.30796714014,-11352.307967140136,11352.307967140136,-0.06271993352011125
175000,186318.41436003888,-11318.414360038878,11318.414360038878,-0.06467665348593644
137000,148300.7274904708,-11300.727490470803,11300.727490470803,-0.08248706197423944
190000,201294.02160698228,-11294.021606982278,11294.021606982278,-0.05944221898411725
201800,213068.63054302687,-11268.63054302687,11268.63054302687,-0.055840587428279825
167900,156712.1604540592,11187.839545940806,11187.839545940806,0.06663394607469211
340000,328814.0499102681,11185.950089731894,11185.950089731894,0.0328998532050938
163990,175164.70747221145,-11174.707472211448,11174.707472211448,-0.06814261523392554
213000,201850.7579777304,11149.24202226961,11149.24202226961,0.052343859259481734
211000,199889.63241835256,11110.367581647442,11110.367581647442,0.052655770529134796
205000,216108.6687646855,-11108.668764685513,11108.668764685513,-0.05418862812041714
295000,283951.8749959557,11048.125004044326,11048.125004044326,0.03745127120015026
155000,144024.8816695181,10975.118330481899,10975.118330481899,0.07080721503536709
133000,143952.50571833443,-10952.505718334432,10952.505718334432,-0.08234966705514611
145000,134066.24794422477,10933.752055775229,10933.752055775229,0.0754051865915533
176000,186932.51510333925,-10932.515103339247,10932.515103339247,-0.06211656308715481
190000,179075.06649266536,10924.933507334645,10924.933507334645,0.05749965003860339
173733,162820.8890509011,10912.11094909889,10912.11094909889,0.06280966165955167
163000,152110.96187367334,10889.03812632666,10889.03812632666,0.06680391488543963
146800,157662.5449932822,-10862.544993282208,10862.544993282208,-0.07399553810137745
146500,157318.633060135,-10818.633060135006,10818.633060135006,-0.07384732464255976
170000,159242.22912803176,10757.770871968241,10757.770871968241,0.06328100512922495
110000,120751.72220682302,-10751.722206823018,10751.722206823018,-0.09774292915293653
223000,212251.04301646637,10748.95698353363,10748.95698353363,0.04820160082302076
179900,190638.26200098018,-10738.262000980176,10738.262000980176,-0.05969017232340287
180000,169275.1966339547,10724.803366045293,10724.803366045293,0.05958224092247385
100000,110718.0380204602,-10718.038020460197,10718.038020460197,-0.10718038020460197
171750,182454.85665805446,-10704.856658054458,10704.856658054458,-0.06232813192462566
188700,178006.20658909576,10693.79341090424,10693.79341090424,0.05667087128195146
174000,163307.62107336996,10692.378926630045,10692.378926630045,0.0614504536013221
115000,125680.98961531886,-10680.98961531886,10680.98961531886,-0.09287817056799008
272000,261323.31146476392,10676.688535236084,10676.688535236084,0.039252531379544424
151000,161670.8485575766,-10670.848557576595,10670.848557576595,-0.0706678712422291
165150,175813.9874175749,-10663.987417574914,10663.987417574914,-0.06457152538646632
157900,147244.00262268144,10655.997377318563,10655.997377318563,0.06748573386522205
84000,73345.24404601744,10654.75595398256,10654.75595398256,0.12684233278550666
142000,152600.17023922227,-10600.170239222265,10600.170239222265,-0.0746490861917061
177500,166912.42464024416,10587.575359755836,10587.575359755836,0.05964831188594837
179600,190183.7221060163,-10583.7221060163,10583.7221060163,-0.05892941038984576
239000,249582.16290202862,-10582.16290202862,10582.16290202862,-0.04427683222606117
223500,212958.26687515876,10541.733124841237,10541.733124841237,0.047166591162600614
119900,130414.68477937146,-10514.684779371455,10514.684779371455,-0.08769545270534991
193879,204351.89294614157,-10472.892946141568,10472.892946141568,-0.05401767569536447
159950,149491.9741747117,10458.025825288292,10458.025825288292,0.06538309362480958
227000,216571.65753244964,10428.342467550363,10428.342467550363,0.04593983465881217
175500,165091.37164577862,10408.628354221379,10408.628354221379,0.059308423670777086
167000,177390.25092252358,-10390.250922523584,10390.250922523584,-0.06221707139235679
106000,95626.26053697994,10373.739463020058,10373.739463020058,0.0978654666322647
127000,137332.54830406132,-10332.548304061318,10332.548304061318,-0.08135864806347494
85400,95725.35765018419,-10325.357650184189,10325.357650184189,-0.12090582728552915
193000,203323.25443018466,-10323.254430184665,10323.254430184665,-0.0534883649232366
154000,164284.909970794,-10284.90997079399,10284.90997079399,-0.06678512968048045
173000,162721.81849041246,10278.181509587535,10278.181509587535,0.05941145381264471
80000,90248.88176966779,-10248.881769667787,10248.881769667787,-0.12811102212084735
302000,312183.5734254076,-10183.57342540758,10183.57342540758,-0.033720441805985366
142125,131944.2505967752,10180.749403224792,10180.749403224792,0.07163236167616388
72500,82656.31030584426,-10156.310305844265,10156.310305844265,-0.1400870387013002
135000,145105.57183915537,-10105.571839155367,10105.571839155367,-0.07485608769744717
180000,190087.6697378474,-10087.669737847405,10087.669737847405,-0.05604260965470781
135000,124933.0609620923,10066.939037907694,10066.939037907694,0.07456991879931625
83000,72942.43078936974,10057.56921063026,10057.56921063026,0.1211755326581959
141500,131448.51951393156,10051.480486068438,10051.480486068438,0.0710351977814024
157900,147864.72114179347,10035.278858206526,10035.278858206526,0.06355464761372087
150000,139973.02364174105,10026.976358258951,10026.976358258951,0.06684650905505968
85000,95020.39516530298,-10020.39516530298,10020.39516530298,-0.11788700194474094
148800,158801.12522481722,-10001.125224817224,10001.125224817224,-0.06721186307000823
139500,149475.14648788373,-9975.146487883729,9975.146487883729,-0.0715064264364425
213000,203051.09642398835,9948.903576011653,9948.903576011653,0.046708467493012454
144000,134059.4927526503,9940.507247349713,9940.507247349713,0.06903130032881745
132000,122154.84581613606,9845.154183863939,9845.154183863939,0.07458450139290862
224900,215091.7731595414,9808.226840458607,9808.226840458607,0.043611502180785265
125000,134784.17395520656,-9784.173955206556,9784.173955206556,-0.07827339164165245
129000,138764.49615327912,-9764.49615327912,9764.49615327912,-0.0756937686300707
83000,92760.14169178723,-9760.141691787227,9760.141691787227,-0.11759206857574972
102000,111760.04651248227,-9760.046512482266,9760.046512482266,-0.09568673051453201
215000,205240.5586254565,9759.441374543501,9759.441374543501,0.0453927505792721
136900,146656.82524078686,-9756.825240786857,9756.825240786857,-0.07126972418397996
155000,145243.4141563861,9756.585843613895,9756.585843613895,0.06294571512008965
147000,137258.3509504716,9741.649049528409,9741.649049528409,0.06626972142536333
128000,137738.18500621675,-9738.18500621675,9738.18500621675,-0.07607957036106837
115000,105281.93093581639,9718.069064183612,9718.069064183612,0.08450494838420532
171500,161786.84696308148,9713.15303691852,9713.15303691852,0.05663646085666776
220000,229692.51692130757,-9692.516921307571,9692.516921307571,-0.0440568950968526
196500,206175.29092467407,-9675.290924674075,9675.290924674075,-0.049238121754066534
91500,101171.68892923984,-9671.688929239841,9671.688929239841,-0.10570151835234799
145000,154641.00208755943,-9641.002087559435,9641.002087559435,-0.06648966956937541
132500,122878.26236698878,9621.737633011217,9621.737633011217,0.07261688779631106
174000,183619.02356611742,-9619.023566117423,9619.023566117423,-0.05528174463285875
135000,125385.04786993105,9614.952130068952,9614.952130068952,0.07122186763014039
82500,72940.10371555308,9559.89628444692,9559.89628444692,0.11587753072056874
134000,143537.5907901751,-9537.590790175105,9537.590790175105,-0.07117605067294855
160000,150505.11089719002,9494.889102809975,9494.889102809975,0.05934305689256234
120500,111005.35537382707,9494.644626172929,9494.644626172929,0.07879373133753467
117000,126482.45729901223,-9482.457299012225,9482.457299012225,-0.08104664358130106
226700,217231.59070931855,9468.409290681448,9468.409290681448,0.04176625183361909
119500,128935.7914770497,-9435.791477049701,9435.791477049701,-0.07896059813430711
260000,269332.98572771123,-9332.985727711231,9332.985727711231,-0.0358960989527355
245000,235676.0735320779,9323.926467922109,9323.926467922109,0.03805684272621269
252000,261298.84900184703,-9298.849001847033,9298.849001847033,-0.03690019445177394
88000,97294.4410691674,-9294.441069167398,9294.441069167398,-0.1056186485132659
103000,93710.65582027982,9289.344179720181,9289.344179720181,0.09018780757009885
184000,174722.82696326895,9277.173036731052,9277.173036731052,0.05041941867788615
109900,100625.73101578795,9274.268984212045,9274.268984212045,0.08438825281357638
193000,183785.99345692183,9214.006543078169,9214.006543078169,0.04774096654444647
140000,149171.5575318886,-9171.557531888597,9171.557531888597,-0.06551112522777569
132500,141645.06168419015,-9145.06168419015,9145.06168419015,-0.06901933346558604
233230,224092.5682532685,9137.431746731512,9137.431746731512,0.03917777192784595
244600,253655.51647986955,-9055.516479869548,9055.516479869548,-0.03702173540420911
149300,140272.79668651603,9027.203313483973,9027.203313483973,0.060463518509604644
201000,191991.70699324377,9008.293006756227,9008.293006756227,0.0448173781430658
165500,174451.37160631048,-8951.37160631048,8951.37160631048,-0.05408683750036544
205950,197008.0190875743,8941.9809124257,8941.9809124257,0.04341821273331246
176500,185404.77818945987,-8904.778189459874,8904.778189459874,-0.050452001073427045
118000,109096.54099430729,8903.459005692712,8903.459005692712,0.07545304242112467
184100,192990.02604884023,-8890.026048840227,8890.026048840227,-0.04828911487691596
149350,140467.85824119096,8882.14175880904,8882.14175880904,0.05947199035024466
124000,115176.65375276117,8823.346247238835,8823.346247238835,0.07115601812289382
127000,118183.30900925476,8816.690990745235,8816.690990745235,0.0694227637066554
122000,113187.63373174856,8812.36626825144,8812.36626825144,0.07223251039550362
91000,82206.7544851172,8793.245514882801,8793.245514882801,0.0966290715921187
113000,104225.78228893732,8774.21771106268,8774.21771106268,0.07764794434568743
81000,89770.95292670604,-8770.952926706042,8770.952926706042,-0.1082833694655067
157000,148240.45420958195,8759.545790418051,8759.545790418051,0.055793285289286954
277500,286237.93765174365,-8737.937651743647,8737.937651743647,-0.03148806360988701
128500,119783.16431199774,8716.835688002262,8716.835688002262,0.06783529718289698
79900,88592.0500301785,-8692.050030178507,8692.050030178507,-0.10878660863802887
184000,175367.041521968,8632.958478032,8632.958478032,0.046918252598
81000,89616.28422817035,-8616.284228170349,8616.284228170349,-0.10637387936012777
377426,368824.400217973,8601.599782027013,8601.599782027013,0.02279016226234285
140000,131409.1024865517,8590.89751344829,8590.89751344829,0.06136355366748778
125000,116415.65655215364,8584.34344784636,8584.34344784636,0.06867474758277088
139000,147583.70576237797,-8583.70576237797,8583.70576237797,-0.061753278866028556
130000,121416.79637879877,8583.203621201232,8583.203621201232,0.06602464324000948
160000,151441.44461176652,8558.555388233479,8558.555388233479,0.05349097117645924
110000,101471.1980462777,8528.8019537223,8528.8019537223,0.07753456321565728
152000,143482.17674122154,8517.823258778459,8517.823258778459,0.05603831091301618
125500,117006.11935070611,8493.88064929389,8493.88064929389,0.06768032389875608
148000,139525.23881299535,8474.761187004653,8474.761187004653,0.0572618999121936
130000,121575.27720159113,8424.722798408868,8424.722798408868,0.06480555998776052
128000,136412.35586318697,-8412.355863186967,8412.355863186967,-0.06572153018114818
131000,139389.92639259138,-8389.926392591384,8389.926392591384,-0.06404523963810217
88000,96350.02499214759,-8350.024992147592,8350.024992147592,-0.09488664763804082
160000,168328.47315725137,-8328.47315725137,8328.47315725137,-0.052052957232821065
184900,193223.71923356276,-8323.719233562762,8323.719233562762,-0.04501741067367638
219210,227519.46272603772,-8309.462726037716,8309.462726037716,-0.03790640356752756
131000,122695.723278049,8304.276721950999,8304.276721950999,0.06339142535840457
110000,118289.57423223247,-8289.574232232466,8289.574232232466,-0.07535976574756788
183000,191270.66948976344,-8270.669489763444,8270.669489763444,-0.04519491524460899
232000,240239.58596995607,-8239.585969956068,8239.585969956068,-0.03551545676705202
85500,93680.07786636177,-8180.0778663617675,8180.0778663617675,-0.09567342533756454
126175,118066.96477656362,8108.035223436382,8108.035223436382,0.06426023557310388
167000,175077.80955257104,-8077.809552571038,8077.809552571038,-0.0483701170812637
204000,212063.9464969328,-8063.946496932796,8063.946496932796,-0.03952914949476861
147000,138942.86796709843,8057.1320329015725,8057.1320329015725,0.054810421992527704
170000,161945.6539668456,8054.346033154405,8054.346033154405,0.047378506077378854
250000,241982.42338970475,8017.5766102952475,8017.5766102952475,0.03207030644118099
148000,139983.69194599518,8016.308054004825,8016.308054004825,0.05416424360814071
188500,180483.9233807707,8016.076619229309,8016.076619229309,0.04252560540705203
117500,125494.4172711926,-7994.417271192593,7994.417271192593,-0.06803759379738378
178900,170927.5636094956,7972.4363905043865,7972.4363905043865,0.044563646676938996
199900,207845.19781287946,-7945.197812879458,7945.197812879458,-0.03974586199539499
177000,169059.23533156284,7940.7646684371575,7940.7646684371575,0.0448630772228088
86000,93860.08411333106,-7860.0841133310605,7860.0841133310605,-0.09139632689919838
143000,150845.83124471654,-7845.831244716537,7845.831244716537,-0.05486595276025551
188000,195845.78580883995,-7845.785808839952,7845.785808839952,-0.04173290323851038
181900,174058.0849477611,7841.91505223891,7841.91505223891,0.0431111327775641
227000,234830.91784895002,-7830.917848950019,7830.917848950019,-0.0344974354579296
109900,117728.11244184773,-7828.112441847727,7828.112441847727,-0.07122941257368268
185000,192777.2682458519,-7777.268245851912,7777.268245851912,-0.04203928781541574
173000,180758.3677901142,-7758.367790114193,7758.367790114193,-0.04484605659025545
140000,147751.34642256633,-7751.346422566334,7751.346422566334,-0.0553667601611881
289000,281287.50543325196,7712.494566748035,7712.494566748035,0.026686832410892855
110000,117625.87586404837,-7625.875864048372,7625.875864048372,-0.06932614421862156
306000,313575.33504516317,-7575.33504516317,7575.33504516317,-0.024755996879618204
105500,113071.84400261015,-7571.844002610145,7571.844002610145,-0.07177103320009616
143000,150570.265105926,-7570.265105925995,7570.265105925995,-0.05293891682465731
165000,172518.60788453318,-7518.6078845331795,7518.6078845331795,-0.0455673205123223
171000,178498.36173278253,-7498.361732782534,7498.361732782534,-0.04385006861276336
130000,122505.32151052232,7494.678489477679,7494.678489477679,0.05765137299598215
159500,166988.35134443405,-7488.35134443405,7488.35134443405,-0.04694891125037022
120000,112547.40740956849,7452.592590431508,7452.592590431508,0.0621049382535959
168000,175447.69949448662,-7447.6994944866165,7447.6994944866165,-0.04433154461003938
148500,155929.5362309082,-7429.536230908212,7429.536230908212,-0.05003054700948291
144900,137476.63469290116,7423.365307098837,7423.365307098837,0.05123095450033704
192000,184607.26259001455,7392.73740998545,7392.73740998545,0.03850384067700755
110000,117373.95989255232,-7373.959892552317,7373.959892552317,-0.06703599902320288
123500,130869.47066781898,-7369.470667818983,7369.470667818983,-0.05967182726978934
261500,268864.37980273453,-7364.379802734533,7364.379802734533,-0.028162064255198977
172785,180133.71470008895,-7348.714700088953,7348.714700088953,-0.042530976069039286
178000,185345.22528148812,-7345.225281488121,7345.225281488121,-0.04126531057015798
140200,147539.2651437644,-7339.265143764409,7339.265143764409,-0.05234853882856212
143900,136568.25360632988,7331.746393670124,7331.746393670124,0.050950287655803506
143000,150313.56154805873,-7313.561548058729,7313.561548058729,-0.05114378704936175
147000,139698.98598403845,7301.014015961555,7301.014015961555,0.04966676201334391
157000,149711.95144311024,7288.048556889757,7288.048556889757,0.04642069144515769
188000,180790.09480343465,7209.905196565349,7209.905196565349,0.03835055955619866
131500,138690.1968321712,-7190.196832171205,7190.196832171205,-0.054678302906244904
131500,124322.46382062991,7177.536179370087,7177.536179370087,0.05458202417771929
139900,132817.0201421348,7082.979857865197,7082.979857865197,0.05062887675386131
112000,104926.17242279559,7073.827577204414,7073.827577204414,0.06315917479646799
257000,264062.8536960615,-7062.853696061473,7062.853696061473,-0.027481920996348143
120500,113450.03561549798,7049.964384502018,7049.964384502018,0.05850592850209144
79000,86022.91791839918,-7022.91791839918,7022.91791839918,-0.08889769516960988
200500,193482.87738360307,7017.122616396926,7017.122616396926,0.03499811778751584
222500,229510.3119985272,-7010.311998527206,7010.311998527206,-0.031507020218099806
164000,157022.91516732762,6977.084832672379,6977.084832672379,0.04254320019922182
303477,310417.2080043917,-6940.208004391694,6940.208004391694,-0.022868975258064677
110000,103081.54684405474,6918.453155945259,6918.453155945259,0.06289502869041144
160200,167101.61068630926,-6901.610686309257,6901.610686309257,-0.043081215270344926
271000,264115.977353044,6884.022646955971,6884.022646955971,0.025402297590243435
155000,161881.3472968911,-6881.347296891094,6881.347296891094,-0.04439578901220061
402861,409733.88290235563,-6872.882902355632,6872.882902355632,-0.0170601842877708
162000,168864.41759949975,-6864.4175994997495,6864.4175994997495,-0.04237294814506018
256300,249442.4253557748,6857.574644225213,6857.574644225213,0.02675604621234964
232000,238834.6799665533,-6834.679966553289,6834.679966553289,-0.029459827442040037
186000,179193.49156938345,6806.508430616552,6806.508430616552,0.03659413134740082
250000,243234.1041966786,6765.895803321386,6765.895803321386,0.027063583213285544
89500,96255.16073112059,-6755.160731120588,6755.160731120588,-0.07547665621363786
226000,232748.71032275716,-6748.710322757164,6748.710322757164,-0.029861550100695418
98300,105002.79133008639,-6702.7913300863875,6702.7913300863875,-0.06818709389711483
216837,210135.46075402814,6701.539245971857,6701.539245971857,0.03090588435539994
165500,158803.86056414436,6696.139435855643,6696.139435855643,0.04046005701423349
179000,185611.428178987,-6611.428178987,6611.428178987,-0.03693535295523464
132500,139110.92847654136,-6610.928476541361,6610.928476541361,-0.04989379982295367
412500,405903.95991155575,6596.04008844425,6596.04008844425,0.015990400214410304
190000,183420.956735911,6579.043264089007,6579.043264089007,0.034626543495205296
157000,150446.22623861447,6553.773761385528,6553.773761385528,0.04174378191965304
141000,147501.6196796544,-6501.619679654395,6501.619679654395,-0.04611077786988933
312500,306061.9735514963,6438.026448503719,6438.026448503719,0.0206016846352119
221500,227902.66564462206,-6402.665644622059,6402.665644622059,-0.028905939704839994
189000,195402.43303751765,-6402.4330375176505,6402.4330375176505,-0.033875307076812966
158000,164395.80767807426,-6395.807678074256,6395.807678074256,-0.04047979543084972
100000,106368.72883003298,-6368.728830032982,6368.728830032982,-0.06368728830032983
101000,94649.99967577541,6350.0003242245875,6350.0003242245875,0.0628712903388573
133000,126665.87898904203,6334.12101095797,6334.12101095797,0.04762497000720278
122500,128826.20841431548,-6326.208414315479,6326.208414315479,-0.05164251766788146
185000,191295.2096151421,-6295.209615142114,6295.209615142114,-0.034028160081849265
153337,147052.41433322223,6284.58566677777,6284.58566677777,0.04098544817478997
143000,136725.35126575048,6274.648734249524,6274.648734249524,0.043878662477269396
156000,149741.32856307938,6258.6714369206165,6258.6714369206165,0.04011968869820908
202900,196697.8734216484,6202.126578351599,6202.126578351599,0.030567405511836367
144152,150328.96061784314,-6176.960617843142,6176.960617843142,-0.042850328943359384
146000,139849.49215381793,6150.507846182067,6150.507846182067,0.04212676606974018
179000,185132.65842624372,-6132.6584262437245,6132.6584262437245,-0.034260661599126954
187000,180870.25332018564,6129.746679814358,6129.746679814358,0.03277939400970245
282922,289047.5850685192,-6125.585068519227,6125.585068519227,-0.02165114437378227
187500,181383.68145348408,6116.318546515919,6116.318546515919,0.03262036558141823
240000,233904.45714880826,6095.542851191742,6095.542851191742,0.025398095213298923
230000,236088.69254258502,-6088.69254258502,6088.69254258502,-0.026472576272108785
140000,146046.8916014721,-6046.8916014721035,6046.8916014721035,-0.04319208286765788
168500,174526.425500981,-6026.425500980986,6026.425500980986,-0.03576513650433819
121000,114983.62690407531,6016.37309592469,6016.37309592469,0.04972209170185694
153000,159015.83585807684,-6015.83585807684,6015.83585807684,-0.039319188614881304
194500,188486.54271380126,6013.45728619874,6013.45728619874,0.030917518180970386
176000,170008.5031561638,5991.496843836212,5991.496843836212,0.03404259570361484
175000,180942.07225161965,-5942.072251619655,5942.072251619655,-0.03395469858068374
129000,134933.95730462196,-5933.957304621959,5933.957304621959,-0.04599966902807721
91000,96867.64601745794,-5867.646017457941,5867.646017457941,-0.06447962656547188
177000,182866.20400223922,-5866.2040022392175,5866.2040022392175,-0.03314239549287693
109500,115362.58044896035,-5862.580448960347,5862.580448960347,-0.05353954747908993
161500,167361.5080855621,-5861.508085562091,5861.508085562091,-0.03629416771245877
142000,136141.88380757972,5858.116192420275,5858.116192420275,0.04125433938324138
214000,219779.45540210372,-5779.455402103718,5779.455402103718,-0.0270068009444099
175500,169751.20719222035,5748.792807779653,5748.792807779653,0.03275665417538264
130500,136222.54423560502,-5722.544235605019,5722.544235605019,-0.04385091368279708
224500,218779.55155438712,5720.448445612885,5720.448445612885,0.025480839401393698
158000,152342.82464121314,5657.175358786859,5657.175358786859,0.03580490733409404
121600,116013.2679278882,5586.732072111801,5586.732072111801,0.04594352032986679
169000,163431.27744822463,5568.722551775369,5568.722551775369,0.0329510210164223
187750,193247.10190627095,-5497.101906270953,5497.101906270953,-0.029278838382268725
222000,216529.28870868927,5470.711291310727,5470.711291310727,0.024642843654552823
100000,105402.00855277116,-5402.0085527711635,5402.0085527711635,-0.054020085527711634
132500,127115.13869115278,5384.861308847219,5384.861308847219,0.0406404627082809
143500,148851.28462730377,-5351.284627303772,5351.284627303772,-0.03729118207180329
135000,129663.29788400841,5336.702115991589,5336.702115991589,0.03953112678512288
164500,169827.86804033868,-5327.8680403386825,5327.8680403386825,-0.03238825556436889
191000,196327.55678818302,-5327.556788183021,5327.556788183021,-0.027892967477398018
220000,225306.05587659148,-5306.055876591476,5306.055876591476,-0.024118435802688527
182900,177597.93068692466,5302.069313075335,5302.069313075335,0.028988897283080017
138000,143290.49093242292,-5290.490932422923,5290.490932422923,-0.03833689081465886
100000,94715.55086466279,5284.449135337214,5284.449135337214,0.052844491353372144
117000,122259.16715980407,-5259.16715980407,5259.16715980407,-0.04495014666499205
129000,134248.37638853668,-5248.376388536679,5248.376388536679,-0.040685088283230066
137000,131774.59413399344,5225.405866006564,5225.405866006564,0.03814164865698222
200141,205361.77481520106,-5220.774815201061,5220.774815201061,-0.026085483809919312
108000,113220.50684912798,-5220.506849127982,5220.506849127982,-0.04833802638081464
140000,145210.40925144072,-5210.409251440724,5210.409251440724,-0.037217208938862316
168500,163293.7106086156,5206.289391384402,5206.289391384402,0.03089785988952167
118500,113347.74960898221,5152.250391017791,5152.250391017791,0.04347890625331469
115000,120116.83950503648,-5116.839505036478,5116.839505036478,-0.04449425656553459
171000,165913.85206887202,5086.147931127984,5086.147931127984,0.029743555152795226
136905,141986.76561700564,-5081.765617005643,5081.765617005643,-0.03711891908261673
140000,145039.6844622322,-5039.684462232195,5039.684462232195,-0.03599774615880139
179200,184239.5566423472,-5039.55664234719,5039.55664234719,-0.028122525905955303
132000,136983.51205756745,-4983.512057567452,4983.512057567452,-0.03775387922399585
139000,134063.96532158888,4936.034678411117,4936.034678411117,0.03551104085187854
177000,172075.657503823,4924.342496177007,4924.342496177007,0.02782114404619778
196000,191116.83937657683,4883.160623423173,4883.160623423173,0.024914084813383537
155000,150123.2270541374,4876.772945862613,4876.772945862613,0.03146305126362976
139400,134547.61576888026,4852.384231119737,4852.384231119737,0.0348090690898116
307000,302148.6462992783,4851.353700721695,4851.353700721695,0.01580245505121073
124000,128846.39846226985,-4846.398462269848,4846.398462269848,-0.039083858566692324
199900,204744.15460783592,-4844.154607835924,4844.154607835924,-0.02423288948392158
118000,113170.12678527084,4829.873214729159,4829.873214729159,0.04093112893838271
98000,93186.02650024995,4813.973499750049,4813.973499750049,0.04912217856887805
140000,144739.09476964,-4739.094769640011,4739.094769640011,-0.03385067692600008
161750,157016.34860520437,4733.651394795626,4733.651394795626,0.02926523273443973
129500,124783.70960416814,4716.290395831864,4716.290395831864,0.03641923085584451
120000,124700.4715771521,-4700.4715771521005,4700.4715771521005,-0.03917059647626751
177000,172302.28406692413,4697.715933075873,4697.715933075873,0.02654076798347951
319000,323651.6596618665,-4651.659661866492,4651.659661866492,-0.014582005209612826
164900,169550.75090287955,-4650.750902879547,4650.750902879547,-0.02820346211570374
198500,203135.56352369205,-4635.56352369205,4635.56352369205,-0.02335296485487179
224000,219394.98786243328,4605.012137566722,4605.012137566722,0.020558089899851438
214900,210300.03445722137,4599.965542778635,4599.965542778635,0.021405144452203977
99900,95311.27194436167,4588.728055638334,4588.728055638334,0.04593321377015349
163000,158425.79554598586,4574.204454014136,4574.204454014136,0.028062604012356662
140000,135434.43358574854,4565.566414251458,4565.566414251458,0.0326111886732247
147000,151546.88941354488,-4546.889413544879,4546.889413544879,-0.0309312205003053
186500,181965.41919198263,4534.580808017374,4534.580808017374,0.024314106209208437
280000,275465.6601055974,4534.339894402598,4534.339894402598,0.016194071051437848
132000,127484.58192127499,4515.418078725008,4515.418078725008,0.0342077127176137
141000,145512.63665736056,-4512.636657360563,4512.636657360563,-0.032004515300429526
222000,217494.09426697835,4505.905733021646,4505.905733021646,0.020296872671268673
200000,195515.89507782884,4484.104922171158,4484.104922171158,0.02242052461085579
150000,154455.33157100595,-4455.331571005954,4455.331571005954,-0.029702210473373028
180000,184418.47339613936,-4418.473396139365,4418.473396139365,-0.024547074422996473
395192,390778.7719482252,4413.228051774786,4413.228051774786,0.011167301088520987
148000,143612.19305572542,4387.806944274576,4387.806944274576,0.029647344218071463
90350,85972.10841682313,4377.891583176868,4377.891583176868,0.04845480446238924
150500,154848.2879285632,-4348.287928563193,4348.287928563193,-0.028892278595104275
95000,99343.54719597,-4343.5471959699935,4343.5471959699935,-0.04572154943126309
148500,152809.04804208656,-4309.048042086564,4309.048042086564,-0.029017158532569455
124000,119707.21704631636,4292.782953683636,4292.782953683636,0.03461921736841642
178000,182287.75104373135,-4287.751043731347,4287.751043731347,-0.02408848900972667
80000,84277.06306831153,-4277.0630683115305,4277.0630683115305,-0.053463288353894134
128900,133139.92935042904,-4239.92935042904,4239.92935042904,-0.03289316796298712
107000,102762.98804838498,4237.011951615015,4237.011951615015,0.03959824253845809
181500,177267.1382454028,4232.861754597194,4232.861754597194,0.02332155236692669
110000,114205.38644391974,-4205.386443919735,4205.386443919735,-0.03823078585381577
127500,131704.41544035665,-4204.41544035665,4204.41544035665,-0.03297580737534627
135000,130817.48651514729,4182.513484852709,4182.513484852709,0.030981581369279323
156000,151832.66535415794,4167.3346458420565,4167.3346458420565,0.02671368362719267
174000,169844.8235591815,4155.176440818497,4155.176440818497,0.0238803243725201
87500,91574.77201209561,-4074.7720120956074,4074.7720120956074,-0.04656882299537837
244000,239938.53317738566,4061.4668226143403,4061.4668226143403,0.016645355830386642
96500,100551.24571279234,-4051.245712792341,4051.245712792341,-0.04198182085795172
162000,157951.8539369009,4048.1460630990914,4048.1460630990914,0.02498855594505612
172000,167979.08805171933,4020.911948280671,4020.911948280671,0.023377395048143436
156932,160947.08696423456,-4015.086964234564,4015.086964234564,-0.025584883670854666
235000,239009.8980610015,-4009.8980610014987,4009.8980610014987,-0.017063396004261697
87000,91003.42899856665,-4003.4289985666546,4003.4289985666546,-0.04601642527088109
136500,140481.16793617912,-3981.1679361791175,3981.1679361791175,-0.029166065466513683
173000,176977.9181000642,-3977.918100064213,3977.918100064213,-0.02299374624314574
173000,176962.26563778755,-3962.2656377875537,3962.2656377875537,-0.022903269582587017
174500,178458.5515963716,-3958.5515963716025,3958.5515963716025,-0.022685109434794282
177500,173550.93983777086,3949.0601622291433,3949.0601622291433,0.022248226266079682
225000,228941.73655749628,-3941.736557496275,3941.736557496275,-0.01751882914442789
154000,157936.74593489498,-3936.745934894978,3936.745934894978,-0.02556328529152583
155000,158915.05312095952,-3915.053120959521,3915.053120959521,-0.02525840723199691
120500,124400.77573002173,-3900.7757300217345,3900.7757300217345,-0.03237158282175713
195000,191104.54348202187,3895.456517978135,3895.456517978135,0.019976700092195564
137000,133110.36272577837,3889.6372742216336,3889.6372742216336,0.028391512950522873
135900,139762.4791680164,-3862.4791680164053,3862.4791680164053,-0.02842148026502138
142500,146324.10067882566,-3824.1006788256636,3824.1006788256636,-0.02683579423737308
140000,136185.5299951513,3814.4700048486993,3814.4700048486993,0.027246214320347854
142000,138198.122988114,3801.877011886012,3801.877011886012,0.026773781773845155
214000,217766.40004699543,-3766.4000469954335,3766.4000469954335,-0.01760000021960483
226000,229753.7944280258,-3753.794428025809,3753.794428025809,-0.01660970985852128
192000,188266.2761201403,3733.7238798596954,3733.7238798596954,0.019446478540935914
125000,121273.58859502789,3726.41140497211,3726.41140497211,0.029811291239776883
162500,158823.7031790259,3676.296820974094,3676.296820974094,0.02262336505214827
185000,181341.40268134902,3658.59731865098,3658.59731865098,0.01977620172243773
136000,132344.60172226815,3655.398277731845,3655.398277731845,0.026877928512734156
125500,121859.46688773244,3640.533112267556,3640.533112267556,0.02900823197025941
151000,154625.63647183796,-3625.6364718379627,3625.6364718379627,-0.024010837561840814
118000,114408.55443421142,3591.4455657885846,3591.4455657885846,0.0304359793710897
174000,170408.58781046543,3591.4121895345743,3591.4121895345743,0.020640299939853876
110000,113582.62487936339,-3582.624879363386,3582.624879363386,-0.03256931708512169
187500,183952.25666600405,3547.7433339959534,3547.7433339959534,0.01892129778131175
134900,131379.9668591868,3520.033140813204,3520.033140813204,0.02609364818986808
110000,106505.35835837334,3494.6416416266584,3494.6416416266584,0.03176946946933326
147400,150872.55455301513,-3472.5545530151285,3472.5545530151285,-0.023558714742300736
149700,153170.41370206742,-3470.4137020674243,3470.4137020674243,-0.023182456259635432
127500,124035.25619813392,3464.743801866076,3464.743801866076,0.02717446119110648
94500,97955.51476021347,-3455.5147602134675,3455.5147602134675,-0.03656629375887267
105000,108445.08510546715,-3445.085105467151,3445.085105467151,-0.03281033433778239
145000,148431.1621211139,-3431.1621211139136,3431.1621211139136,-0.023663187042164923
204000,200618.62846369777,3381.3715363022347,3381.3715363022347,0.01657535066814821
85000,88361.23589479012,-3361.235894790123,3361.235894790123,-0.03954395170341321
200000,196638.86312711492,3361.1368728850794,3361.1368728850794,0.016805684364425397
203000,206353.69554988347,-3353.6955498834723,3353.6955498834723,-0.01652066773341612
210000,213336.7081485645,-3336.708148564503,3336.708148564503,-0.01588908642173573
250000,246728.1004767269,3271.8995232731104,3271.8995232731104,0.013087598093092442
170000,166728.93237382456,3271.0676261754415,3271.0676261754415,0.019241574271620245
145000,148264.2749806814,-3264.2749806813954,3264.2749806813954,-0.02251224124607859
380000,376736.6845570835,3263.3154429164715,3263.3154429164715,0.008587672218201241
191000,194233.64656121627,-3233.646561216272,3233.646561216272,-0.016930086707938597
112000,115232.5014092421,-3232.5014092421043,3232.5014092421043,-0.02886161972537593
117000,120230.49752261625,-3230.4975226162496,3230.4975226162496,-0.02761108993689102
128500,131714.91924445552,-3214.919244455523,3214.919244455523,-0.025018826805101344
165000,161790.81044493074,3209.189555069257,3209.189555069257,0.019449633667086408
133000,136206.00042840498,-3206.000428404979,3206.000428404979,-0.024105266378984806
206300,203133.60737390228,3166.392626097717,3166.392626097717,0.015348485826939975
118500,115339.0916829737,3160.908317026304,3160.908317026304,0.02667433178925151
116000,112866.72268062478,3133.277319375222,3133.277319375222,0.027011011373924327
123000,126124.03658599804,-3124.0365859980375,3124.0365859980375,-0.025398671430878355
178000,174896.31808461086,3103.681915389141,3103.681915389141,0.017436415254995175
165500,162408.54460541677,3091.4553945832304,3091.4553945832304,0.01867948878902254
191000,187909.615611511,3090.3843884890084,3090.3843884890084,0.016180022976382245
203000,206084.93359032407,-3084.9335903240717,3084.9335903240717,-0.015196717193714638
175000,171925.60511150406,3074.394888495939,3074.394888495939,0.017567970791405367
149000,145931.8631810563,3068.1368189436907,3068.1368189436907,0.020591522274789872
190000,186934.40256692577,3065.597433074232,3065.597433074232,0.016134723331969643
138500,135474.41993809905,3025.5800619009533,3025.5800619009533,0.0218453434072271
135000,138025.31109012858,-3025.3110901285836,3025.3110901285836,-0.02240971177873025
249700,252724.277823902,-3024.277823901997,3024.277823901997,-0.012111645269931907
222500,219477.91209880717,3022.0879011928337,3022.0879011928337,0.013582417533450937
141000,144003.25413906897,-3003.254139068973,3003.254139068973,-0.02129967474517002
140000,137003.82498818345,2996.175011816551,2996.175011816551,0.021401250084403935
119900,116904.48491433101,2995.515085668987,2995.515085668987,0.024983445251617907
125000,127969.541567497,-2969.541567496999,2969.541567496999,-0.023756332539975993
285000,282033.70402528794,2966.295974712062,2966.295974712062,0.01040805605162127
145500,148448.08443651095,-2948.0844365109515,2948.0844365109515,-0.02026174870454262
157000,159897.5923871859,-2897.5923871858977,2897.5923871858977,-0.018456002466152213
111000,113825.50881970272,-2825.5088197027217,2825.5088197027217,-0.02545503441173623
142953,145775.63317260894,-2822.633172608941,2822.633172608941,-0.019745183190341867
239900,237077.9434506907,2822.056549309287,2822.056549309287,0.01176347040145597
112500,109699.45294918591,2800.547050814086,2800.547050814086,0.024893751562791878
145250,148043.5780200619,-2793.57802006189,2793.57802006189,-0.019232895146725576
125000,127790.33034466443,-2790.3303446644277,2790.3303446644277,-0.022322642757315422
180500,183272.7262077855,-2772.726207785512,2772.726207785512,-0.015361364032052698
210000,212760.6787977443,-2760.678797744302,2760.678797744302,-0.013146089513068103
60000,62734.44026758743,-2734.44026758743,2734.44026758743,-0.0455740044597905
126000,128730.28286746606,-2730.282867466056,2730.282867466056,-0.021668911646556
122900,125621.5295650157,-2721.529565015706,2721.529565015706,-0.022144260089631454
174000,171309.42044043,2690.5795595700038,2690.5795595700038,0.015463100917068987
190000,192681.14510251017,-2681.1451025101705,2681.1451025101705,-0.014111290013211424
240000,237373.1742434892,2626.825756510807,2626.825756510807,0.01094510731879503
128500,125925.20904474144,2574.7909552585625,2574.7909552585625,0.020037283698510214
151000,148463.33154423334,2536.6684557666595,2536.6684557666595,0.016799128846136817
274000,276513.3462865809,-2513.346286580898,2513.346286580898,-0.009172796666353641
84500,81991.7275742844,2508.2724257155933,2508.2724257155933,0.029683697345746666
108000,105512.54541589887,2487.4545841011277,2487.4545841011277,0.023031986889825256
130500,128038.5839269809,2461.416073019107,2461.416073019107,0.01886142584688971
105000,107451.92906216018,-2451.929062160183,2451.929062160183,-0.023351705353906505
248900,246472.4421204956,2427.5578795043984,2427.5578795043984,0.009753145357590995
108500,106077.24430710265,2422.75569289735,2422.75569289735,0.022329545556657605
119000,116589.77793746264,2410.2220625373593,2410.2220625373593,0.02025396691207865
167000,164620.32541778858,2379.674582211417,2379.674582211417,0.014249548396475551
115000,117365.55402525596,-2365.5540252559585,2365.5540252559585,-0.020570035002225727
102000,104359.95917277108,-2359.9591727710795,2359.9591727710795,-0.023136854635010584
176000,178297.53016990193,-2297.530169901933,2297.530169901933,-0.013054148692624619
116500,114204.73492794932,2295.265072050679,2295.265072050679,0.019701846112022997
185500,187782.39162029137,-2282.391620291368,2282.391620291368,-0.012303997953053196
178000,180268.0915546749,-2268.091554674902,2268.091554674902,-0.012742087385814057
92900,90635.7444615327,2264.2555384673033,2264.2555384673033,0.024373041318270217
215000,217250.5238794092,-2250.5238794091856,2250.5238794091856,-0.010467552927484584
185000,182807.1313281708,2192.868671829201,2192.868671829201,0.011853344172049736
149900,147716.21644991133,2183.783550088672,2183.783550088672,0.01456826918004451
345000,342882.4083994707,2117.5916005293257,2117.5916005293257,0.006137946668200944
170000,167926.96008587966,2073.039914120338,2073.039914120338,0.012194352436001988
117000,119055.89810564325,-2055.898105643253,2055.898105643253,-0.017571778680711563
181000,183050.19366226543,-2050.193662265432,2050.193662265432,-0.011327036808096309
127500,129537.7349351884,-2037.734935188404,2037.734935188404,-0.015982234785791406
167000,169035.99303639977,-2035.99303639977,2035.99303639977,-0.012191575068262097
106500,104464.78499924633,2035.2150007536693,2035.2150007536693,0.019110000007076706
236500,238522.0855965454,-2022.0855965453957,2022.0855965453957,-0.008550044805688776
142500,140513.79645050128,1986.2035494987213,1986.2035494987213,0.013938270522798044
155000,153046.58400962007,1953.41599037993,1953.41599037993,0.012602683808902775
110000,108054.27014807731,1945.7298519226897,1945.7298519226897,0.01768845319929718
119000,120938.6002037207,-1938.6002037207072,1938.6002037207072,-0.016290758014459724
230000,228066.19518583955,1933.8048141604522,1933.8048141604522,0.008407847018088922
143000,141078.46125881915,1921.5387411808479,1921.5387411808479,0.013437333854411523
130000,128089.69232089532,1910.307679104677,1910.307679104677,0.014694674454651361
119200,121109.95160157344,-1909.9516015734407,1909.9516015734407,-0.016023083905817456
225000,226905.80346748186,-1905.8034674818628,1905.8034674818628,-0.008470237633252723
128000,126105.75571906728,1894.2442809327185,1894.2442809327185,0.014798783444786863
148000,146112.76738792585,1887.232612074149,1887.232612074149,0.01275157170320371
135960,137809.19593288295,-1849.1959328829544,1849.1959328829544,-0.013601029220969067
159000,160849.06333590604,-1849.0633359060448,1849.0633359060448,-0.01162932915664179
165000,163164.65742084873,1835.342579151271,1835.342579151271,0.01112328835849255
139400,141204.87733038334,-1804.877330383344,1804.877330383344,-0.01294747008883317
213250,215047.98857873626,-1797.9885787362582,1797.9885787362582,-0.008431364964765571
137000,135243.41985931687,1756.5801406831306,1756.5801406831306,0.012821752851701684
190000,191726.5059067965,-1726.5059067964903,1726.5059067964903,-0.009086873193665738
157000,158697.76065055066,-1697.7606505506556,1697.7606505506556,-0.010813762105418187
204750,203076.3509570706,1673.6490429294063,1673.6490429294063,0.00817411009977732
135000,133331.8873622173,1668.1126377827022,1668.1126377827022,0.012356389909501497
124000,125638.29062255805,-1638.2906225580518,1638.2906225580518,-0.013212021149661708
133500,131869.37326208525,1630.6267379147466,1630.6267379147466,0.01221443249374342
164700,163076.9786823711,1623.0213176289108,1623.0213176289108,0.009854409943102068
172400,174015.5398848379,-1615.5398848378973,1615.5398848378973,-0.009370881002540007
128000,126385.18184760086,1614.818152399137,1614.818152399137,0.012615766815618257
129500,127893.06279848091,1606.9372015190893,1606.9372015190893,0.012408781478911887
88000,89581.53950823352,-1581.5395082335162,1581.5395082335162,-0.01797203986628996
144000,145528.4332206222,-1528.433220622188,1528.433220622188,-0.010614119587654083
215200,213682.22805856873,1517.7719414312742,1517.7719414312742,0.007052843594011497
200000,201515.68749653752,-1515.6874965375173,1515.6874965375173,-0.0075784374826875864
227875,226359.36677183208,1515.6332281679206,1515.6332281679206,0.006651160628273925
126500,125063.59497804001,1436.4050219599885,1436.4050219599885,0.011354980410750897
119000,120431.85778220894,-1431.8577822089428,1431.8577822089428,-0.012032418337890276
326000,327423.8367912824,-1423.8367912824033,1423.8367912824033,-0.0043675975192711755
116000,114607.47688695611,1392.5231130438915,1392.5231130438915,0.012004509595205961
111250,109860.69131183934,1389.3086881606578,1389.3086881606578,0.012488167983466587
180500,179126.74220980387,1373.257790196134,1373.257790196134,0.007608076399978582
172500,173859.64094142546,-1359.6409414254595,1359.6409414254595,-0.007881976472031649
118000,116657.01900198132,1342.9809980186837,1342.9809980186837,0.011381194898463422
139000,137660.91264868935,1339.087351310649,1339.087351310649,0.009633721951875172
160000,161335.7069415998,-1335.7069415998121,1335.7069415998121,-0.008348168384998826
224000,225334.75131896764,-1334.7513189676392,1334.7513189676392,-0.005958711245391247
166000,167333.09633781976,-1333.096337819763,1333.096337819763,-0.008030700830239537
98000,96679.58669531591,1320.413304684087,1320.413304684087,0.013473605149837623
145000,143681.3253286437,1318.6746713563043,1318.6746713563043,0.00909430807831934
325000,326312.3396048243,-1312.3396048243158,1312.3396048243158,-0.004037968014844048
168500,167202.871780907,1297.1282190929924,1297.1282190929924,0.007698090321026661
191000,192290.61609469244,-1290.6160946924356,1290.6160946924356,-0.0067571523282326474
90000,91289.1254245325,-1289.1254245324963,1289.1254245324963,-0.014323615828138847
201000,202286.1402675288,-1286.1402675287973,1286.1402675287973,-0.006398707798650732
136500,135221.43778589988,1278.5622141001222,1278.5622141001222,0.009366756147253642
275000,276251.27201594977,-1251.2720159497694,1251.2720159497694,-0.004550080057999162
236000,234773.83742726396,1226.162572736037,1226.162572736037,0.005195604121762868
80000,78778.76103666102,1221.238963338983,1221.238963338983,0.015265487041737288
267000,268210.0783712434,-1210.0783712433768,1210.0783712433768,-0.004532128731248602
135000,136205.6693495767,-1205.6693495766958,1205.6693495766958,-0.008930884070938488
286000,287195.10379130737,-1195.103791307367,1195.103791307367,-0.004178684584990793
131000,129808.41644423014,1191.5835557698592,1191.5835557698592,0.009096057677632514
129500,128311.98721864949,1188.0127813505096,1188.0127813505096,0.009173843871432507
175000,176137.75331965354,-1137.753319653537,1137.753319653537,-0.006501447540877354
170000,168915.0984747922,1084.9015252077952,1084.9015252077952,0.006381773677692913
197900,198948.26351433233,-1048.2635143323278,1048.2635143323278,-0.0052969353932911965
183200,182155.08426885869,1044.9157311413146,1044.9157311413146,0.005703688488762635
135000,133975.70613426642,1024.2938657335762,1024.2938657335762,0.007587361968396861
235000,233985.44165689626,1014.5583431037376,1014.5583431037376,0.004317269545122288
153000,151995.4549989011,1004.5450010988861,1004.5450010988861,0.006565653601953504
134800,135786.0072588004,-986.0072588004114,986.0072588004114,-0.007314593908014921
145000,145964.15385922472,-964.1538592247234,964.1538592247234,-0.006649336960170506
140000,140947.41114134062,-947.4111413406208,947.4111413406208,-0.006767222438147292
133000,133940.6795186125,-940.6795186125091,940.6795186125091,-0.0070727783354324
118964,118025.75202520759,938.2479747924081,938.2479747924081,0.007886822692515451
143000,143933.5318067761,-933.5318067760963,933.5318067760963,-0.006528194452979695
192000,192929.7106644964,-929.7106644964078,929.7106644964078,-0.004842243044252124
163000,163917.90745961576,-917.9074596157589,917.9074596157589,-0.00563133410807214
134500,133608.92589612486,891.0741038751439,891.0741038751439,0.0066250862741646386
195000,195889.2118917006,-889.211891700601,889.211891700601,-0.004560060983080005
114500,115351.86238654614,-851.8623865461414,851.8623865461414,-0.007439846170708658
157000,156148.6580513414,851.3419486586063,851.3419486586063,0.005422560182538894
184000,183155.235362056,844.7646379439975,844.7646379439975,0.004591112162739117
148000,147176.6663121506,823.333687849401,823.333687849401,0.005563065458441899
139000,138178.98808357771,821.0119164222851,821.0119164222851,0.005906560549800612
189000,188187.89748869505,812.1025113049545,812.1025113049545,0.004296838684153198
107500,106692.00546423979,807.9945357602119,807.9945357602119,0.007516228239629878
107400,108143.71762791162,-743.7176279116247,743.7176279116247,-0.0069247451388419435
100000,100739.64901206037,-739.6490120603703,739.6490120603703,-0.007396490120603703
130000,130707.11454371599,-707.1145437159867,707.1145437159867,-0.005439342643969128
196500,195802.45558458017,697.544415419834,697.544415419834,0.003549844353281598
274900,274228.06833951507,671.93166048493,671.93166048493,0.002444276684193998
139950,139288.02626010374,661.9737398962607,661.9737398962607,0.0047300731682476645
175000,175641.75723758596,-641.75723758596,641.75723758596,-0.003667184214776914
82000,81364.63715539395,635.3628446060466,635.3628446060466,0.00774832737324447
264561,263969.42653506406,591.5734649359365,591.5734649359365,0.0022360569582664737
215000,215591.19102550167,-591.1910255016701,591.1910255016701,-0.0027497257000077676
150750,151286.7887295375,-536.7887295375112,536.7887295375112,-0.003560787592288632
61000,60464.31501504986,535.6849849501377,535.6849849501377,0.008781721064756356
186500,187020.77689310774,-520.7768931077444,520.7768931077444,-0.002792369400041525
255900,256381.42411765925,-481.4241176592477,481.4241176592477,-0.001881297841575802
164500,164063.34201124127,436.6579887587286,436.6579887587286,0.0026544558587156754
106500,106929.71831176091,-429.7183117609093,429.7183117609093,-0.004034913725454547
290000,290416.2656872172,-416.2656872171792,416.2656872171792,-0.001435398921438549
192500,192084.2449540261,415.75504597389954,415.75504597389954,0.002159766472591686
410000,409603.67030716146,396.3296928385389,396.3296928385389,0.0009666577874110705
119500,119119.32046350827,380.6795364917343,380.6795364917343,0.003185602815830413
151000,151375.50434371803,-375.5043437180284,375.5043437180284,-0.0024867837332319762
125000,124628.94662114047,371.05337885953486,371.05337885953486,0.002968427030876279
138000,138361.9959335458,-361.99593354581157,361.99593354581157,-0.002623158938737765
162000,161653.20376312867,346.79623687133426,346.79623687133426,0.002140717511551446
202500,202806.03016307973,-306.03016307973303,306.03016307973303,-0.0015112600645912741
187000,187261.98197168013,-261.9819716801285,261.9819716801285,-0.0014009731105889224
125000,124738.13847496627,261.8615250337316,261.8615250337316,0.002094892200269853
205000,205247.26140869674,-247.2614086967369,247.2614086967369,-0.0012061532131548143
140000,140242.13532654822,-242.13532654821756,242.13532654821756,-0.0017295380467729825
116000,116236.79174175904,-236.79174175903609,236.79174175903609,-0.0020413081186123803
93000,93203.64132027992,-203.64132027991582,203.64132027991582,-0.0021896916159130733
82000,82174.3327010788,-174.33270107880526,174.33270107880526,-0.0021260085497415275
190000,189835.3310424603,164.66895753968856,164.66895753968856,0.0008666787238930977
82000,82137.34057095801,-137.34057095801109,137.34057095801109,-0.001674885011683062
152000,152127.49290218906,-127.49290218905662,127.49290218905662,-0.0008387690933490567
137500,137609.1521146898,-109.15211468978669,109.15211468978669,-0.0007938335613802668
200000,200106.2419939708,-106.24199397079065,106.24199397079065,-0.0005312099698539533
212000,212100.18168124038,-100.18168124038493,100.18168124038493,-0.00047255510019049494
124500,124414.10950225804,85.89049774195882,85.89049774195882,0.0006898835159996693
114504,114430.85090102385,73.14909897615144,73.14909897615144,0.0006388344422566149
119000,119072.23022714576,-72.23022714575927,72.23022714575927,-0.0006069766987038595
112000,112041.81148761252,-41.81148761251825,41.81148761251825,-0.0003733168536831987
178740,178764.56699875518,-24.566998755180975,24.566998755180975,-0.00013744544452937773
113000,112975.60163497615,24.39836502385151,24.39836502385151,0.00021591473472434966
138887,138878.99642603885,8.003573961148504,8.003573961148504,5.7626516240890104e-05
